module_id,module_code,module_title,department,primary_lead_name,omission_reason,description_preview,gap_aspect_count
module_006e6d935e988cd4,SA5639,"SA5639 - Migration, Citizenship and Identity","Department of Social Sciences, Media and Communications",Dr Katalin Halasz,Narrow Domain (Below Interdisciplinary Aspect Thresholds),"This module introduces students to a range of key concepts and theories in the anthropology of ethnicity, culture, nationhood and identity. These classical anth...",0
module_00b969765c873e13,FM2634,FM2634 - World Cinemas,Department of Arts and Humanities,Dr Paul Moody,Narrow Domain (Below Interdisciplinary Aspect Thresholds),Interested in exploring the dynamic relationships that exist between different cinemas from different places? Then this option is for you. We will consider a ra...,0
module_00fb53d5198b9eea,,Nursing Practice Module for Year 2 (Mental Health),Department of Health Sciences,Dr Carolyn Dunford,Narrow Domain (Below Interdisciplinary Aspect Thresholds),This module is supported by the Pan London Practice Assessment Document (PLPAD) which is designed to support and guide students towards successfully achieving t...,0
module_01979353071c854f,DR16CC,DR16cc - Acting,Department of Arts and Humanities,Dr Katerina Paramana,Narrow Domain (Below Interdisciplinary Aspect Thresholds),"This module emphasises the creative making process rather than the finished theatre product. Sessions will introduce theatre-making tools, inviting you to devel...",0
module_0477bdd146378fca,BB1725,BB1725 - Biology of the Cell,Department of Life Sciences,Professor Joanna Bridger,Narrow Domain (Below Interdisciplinary Aspect Thresholds),"In this modules students will receive a broad introduction to the understanding of living organisms at the cellular level through the study of genetics, cell bi...",0
module_05b374b64ec07732,ED2709,ED2709 - Education Work Placements 2,Department of Education,Dr Lewis Fogarty,Narrow Domain (Below Interdisciplinary Aspect Thresholds),"This study block aims to provide an opportunity to establish links between education research theory and practice, to explore how educational disciplines can ap...",0
module_05c9e5c62ee1a4e7,LX5BBB,LX5BBB - SQE 1 Preparation: Legal Practice 2,Brunel Law School,Dr Elena Zaccaria,Narrow Domain (Below Interdisciplinary Aspect Thresholds),"This module is delivered online by BARBRI, with access to BARBRI staff support. Students will explore key areas such as property practice, wills and estate admi...",0
module_062ea0ffcae1c8e8,CE2616,CE2616 - Structural Analysis,Department of Civil and Environmental Engineering,Dr Rui Ramos Cardoso,Narrow Domain (Below Interdisciplinary Aspect Thresholds),This module aims to enable students develop further their ability to analyse structures including statically indeterminate structures and learn the fundamental ...,0
module_07741bb43b03566d,,Clinical Placement A,Department of Arts and Humanities,Dr Katerina Paramana,Narrow Domain (Below Interdisciplinary Aspect Thresholds),"The aims of clinical placement (A) are to demonstrate an in-depth applied knowledge of the use of the arts form within a therapeutic relationship, being able to...",0
module_09054908dea05cce,MU3625,MU3625 - Professional Independent Project,Department of Arts and Humanities,Professor Michael Wayne,Narrow Domain (Below Interdisciplinary Aspect Thresholds),"This module gives you the chance to explore a topic that genuinely interests you, whether through a dissertation, a composition portfolio, a performance or a co...",0
module_0933deff0d2890dd,PH5650,PH5650 Advanced Lifestyle Management in Cardiovascular Health,Department of Health Sciences,Dr Emma Norris,Narrow Domain (Below Interdisciplinary Aspect Thresholds),This module aims to provide students with the knowledge and skills needed to apply multi-factorial lifestyle approaches to the management of long term and chron...,0
module_0a2148475d5d960c,CY2609,CY2609 - Global and Intersectional Criminology,Department of Social and Political Sciences,Dr Anamika Twyman-Ghoshal,Narrow Domain (Below Interdisciplinary Aspect Thresholds),"This module will enable students to use intersectional perspectives to develop their understandings of crime, deviance, victimisation, social harm, and justice ...",0
module_0c077b71c9a01b52,SP56AA,SP56aa - Professional Practice,Department of Life Sciences,Dr Rebecca Hings,Narrow Domain (Below Interdisciplinary Aspect Thresholds),This module enables students to develop a sophisticated understanding of professional practice and the diverse therapeutic modalities central to sport and exerc...,0
module_0c222dd60c6de9ff,PH5684,PH5684 - Person-centred Healthcare and Leadership 2,Department of Health Sciences,Dr Allison Wiseman,Narrow Domain (Below Interdisciplinary Aspect Thresholds),This module builds on the skills and knowledge acquired from the ‘Person-centred Healthcare and Leadership 1’ module. Core themes of this module will be further...,0
module_0d35ea4d63f4ff2b,,EE5566 - Advanced Analogue Electronics and Photonics,Department of Electronic and Computer Engineering,Dr Lu Gan,Narrow Domain (Below Interdisciplinary Aspect Thresholds),This module aims to enable students to focus on photonic systems and electronic systems for sensors in general the use of real-world examples and hence to acqui...,0
module_0d84184ce9e99c9a,MA5624,MA5624 - Option Pricing Theory,Department of Mathematics,Dr Jiawei Lim,Narrow Domain (Below Interdisciplinary Aspect Thresholds),This module aims to equip students with the notion of risk-neutral valuation and the relation between physical and risk-neutral probability measures in the Brow...,0
module_0e71cfe38f714e04,FM1625,FM1625 - The Professional Self,Department of Arts and Humanities,Dr Sean Holmes,Narrow Domain (Below Interdisciplinary Aspect Thresholds),This module aims to engage you in your own professional development with workshop sessions on activities like CV workshops and networking simulations. Throughou...,0
module_102dbe71e6be8115,CO5608,CO5608 - Political Satire and Comedy,"Department of Social Sciences, Media and Communications",Dr Simon Weaver,Narrow Domain (Below Interdisciplinary Aspect Thresholds),"This module provides students with a sophisticated and critical knowledge and understanding of the relationships between politics, satire and comedy. These rela...",0
module_104d0f8450e7c97e,SO3614,SO3614 - Apocalypse! Crisis and Society,"Department of Social Sciences, Media and Communications",Dr Billur Ozgul,Narrow Domain (Below Interdisciplinary Aspect Thresholds),"Explore the social & political significance of representations of national and global crises, and public perceptions of controversies. Students analyse dystopia...",0
module_12cb8f967c49ac90,EE5664,EE5664 - Power Electronics and Drives,Department of Electronic and Computer Engineering,Dr Ioana Pisica,Narrow Domain (Below Interdisciplinary Aspect Thresholds),The aims of this module are to develop students ability to critically analyse and design advanced power electronic circuits and incorporate state-of-the-art pow...,0
module_12d0033cf97c0024,ED3701,ED3701 - Education in Different Contexts,Department of Education,Dr Lewis Fogarty,Narrow Domain (Below Interdisciplinary Aspect Thresholds),"This study block aims to develop knowledge and understanding of social, historical and political factors that have influenced current educational provision for ...",0
module_13051a545de486f5,MG2638,MG2638 - Services Marketing,Brunel Business School,Dr Abrahim Althonayan,Saturated / Fully Covered by Primary Lead,This module aims to develop in students a critical understanding of service management theory and practice and provide knowledge of modern theory associated wit...,1
module_13c678845a1f248d,FM5609,"Key Issues in Media, Culture and Public Relations","Department of Social Sciences, Media and Communications",Dr Billur Ozgul,Narrow Domain (Below Interdisciplinary Aspect Thresholds),This module will provide students with the essential background to the theories and debates that can help us understand public relations and its relationship to...,0
module_13ef70855838bd76,TB,EE5632 - Power Electronics and Drives,Department of Electronic and Computer Engineering,Dr Ioana Pisica,Narrow Domain (Below Interdisciplinary Aspect Thresholds),The aims of this module are to develop students’ ability to: 1. critically analyse and design advanced power electronic circuits; 2. incorporate state-of-the-ar...,0
module_14de1f64d4bd25e9,CO3620,CO3620 - Media Production as Activism,"Department of Social Sciences, Media and Communications",Dr Billur Ozgul,Narrow Domain (Below Interdisciplinary Aspect Thresholds),"This module will enable students to develop a broad range of practical skills by using creative practice to respond to, critique and challenge social issues. It...",0
module_15f736c390987b6c,CY2610,CY2610 - Mental Health and Offending,Department of Social and Political Sciences,Dr Matthew Cracknell,Narrow Domain (Below Interdisciplinary Aspect Thresholds),"An introduction to the key theoretical perspectives surrounding mental health and offending, it ensures students are familiar with the key legislation, policy, ...",0
module_16145464fef11c6e,CY5607,CY5607 - Crime Science for Investigators,Department of Social and Political Sciences,Dr Anamika Twyman-Ghoshal,Narrow Domain (Below Interdisciplinary Aspect Thresholds),The Crime Science for Investigators modules covers the principles that underpin crime scene management and the basics of forensic science from the perspective o...,0
module_16b7c77cee85b08a,PROFESSIONALISMANDTHEDEVELOPINGOCCUPATIONALTHERAPIST2:LEADERSHIPANDENTREPRENEURIALPRACTICE,OT3603 - Professionalism and the Developing Occupational Therapist 2: Leadership and Entrepreneurial practice,Department of Health Sciences,Ms Tai Frater,Narrow Domain (Below Interdisciplinary Aspect Thresholds),"Learners will focus on leadership and innovation in health and social care from local, national, and global contexts. The module aims for learners to understand...",0
module_17058cea4b05d694,EN3627,EN3627 - Author Study: Jane Austen,Department of Arts and Humanities,Dr Emily Horton,Narrow Domain (Below Interdisciplinary Aspect Thresholds),"Focusing on Austen’s work in relation to adaptation, this module explores the forms of fiction she inherited as a young writer – the novels of Frances Burney an...",0
module_179923785145c912,MU1619,MU1619 - Collaboration & Events Management,Department of Arts and Humanities,Dr Emily Baines,Narrow Domain (Below Interdisciplinary Aspect Thresholds),"This module builds the core skills you’ll use in events production and collaborative projects, from confident communication and creative thinking to teamwork, s...",0
module_1915c7e513346e66,CW2606,CW2606 - Life Writing I,Department of Arts and Humanities,Dr Jessica Cox,Narrow Domain (Below Interdisciplinary Aspect Thresholds),"This module will allow you to explore a range of life writing practices such as memoir, autofiction, the personal essay, the lyric essay, confessional poetry an...",0
module_1920057304c96ffa,PX3615,PX3615 - Slavery and Abolition in the Atlantic World,Department of Social and Political Sciences,Dr Inge Dornan,Narrow Domain (Below Interdisciplinary Aspect Thresholds),Examine the evolution and expansion to the transatlantic slave trade Explore the motives and factors which led to the development and expansion of slavery in th...,0
module_19cbed6fd81a3369,SA2625,"SA2625 - South Asia: Cultures, Societies and Development","Department of Social Sciences, Media and Communications",Dr Luke Heslop,Narrow Domain (Below Interdisciplinary Aspect Thresholds),"This module examines the region of South Asia, assessing whether the geographical region can usefully be considered as a cultural area, and going on to examine ...",0
module_1a220a20db78f304,MG3629,MG3629 - Gender and Organisations,Department of Life Sciences,Dr Laura Hills,Narrow Domain (Below Interdisciplinary Aspect Thresholds),This module will introduce students to the issue of gender as a critical approach to the study of organizations. The module aims to provide students with a crit...,0
module_1b48667635554a45,PX2XXB,PX2xxB - Struggles for Emancipation,Department of Social and Political Sciences,Dr Inge Dornan,Narrow Domain (Below Interdisciplinary Aspect Thresholds),"To examine the tactics and strategies that have been employed by oppressed groups and minorities to secure civil rights, focusing on a specific group or groups ...",0
module_1b9be274461dc724,MU1DDD,MU1DDD - Musicianship (B),Department of Arts and Humanities,Dr Emily Baines,Narrow Domain (Below Interdisciplinary Aspect Thresholds),"This module helps you collaborate confidently in a group, developing your communication, teamwork and musical interaction skills. You’ll create original music t...",0
module_1b9cbdd4ff513546,MU2634,MU2634 - Musicology 2: Technology through Time,Department of Arts and Humanities,Dr Brent Ferguson,Sparse / Missing Syllabus Description,,0
module_1bbe0d10afe2d524,FM5605,Public Relations and Media Strategies Major Project 2,"Department of Social Sciences, Media and Communications",Dr Billur Ozgul,Narrow Domain (Below Interdisciplinary Aspect Thresholds),The dissertation module enables students to produce a substantial piece of research on a topic agreed with a supervisor in the area of Media and Public Relation...,0
module_1c6a98d556365da4,MG2645,MG2645 - Employment Relations and Engagement,Brunel Business School,Dr Didem Taser-Erdogan,Narrow Domain (Below Interdisciplinary Aspect Thresholds),"This module reviews the scope, issues and development of systems of employee relations with primary focus on the UK sphere, referenced also by international inf...",0
module_1c8cd3defb8684af,,Heat and Mass Transfer,Department of Mechanical and Aerospace Engineering,Professor Tassos Karayiannis,Narrow Domain (Below Interdisciplinary Aspect Thresholds),This module introduces the basic concepts and governing laws of heat and mass transfer.,0
module_1e35a081695c189b,PP5627,PP5627 - Military History and Strategic Thought from the Ancients to the Present,Department of Social and Political Sciences,Dr Richard Hammond,Narrow Domain (Below Interdisciplinary Aspect Thresholds),"This module examines how war has affected the world and how warfare has been affected by broader societal, political, ethical and economic changes in the period...",0
module_1ee1ea3a62386c69,SA5624,SA5624 - War and Humanitarianism,"Department of Social Sciences, Media and Communications",Dr Hannah Whittaker,Narrow Domain (Below Interdisciplinary Aspect Thresholds),In this subject you will analyse the social and economic consequences of contemporary warfare and the rebuilding war-torn societies from an anthropological pers...,0
module_1f5af9679ffa553f,,Skills For Registration (Mental Health),Department of Health Sciences,Professor Ann Gallagher,Narrow Domain (Below Interdisciplinary Aspect Thresholds),This module aims to equip students with the knowledge and skills required for their role in providing and evaluating person-centred care. This module will prepa...,0
module_1ff5756bb1395a1d,CE5652,CE5652 - Structural Dynamics and Seismic Design,Department of Civil and Environmental Engineering,Dr Esmaeel Esmaeeli,Narrow Domain (Below Interdisciplinary Aspect Thresholds),This module aims to enhance the student’s perception on the dynamic behaviour of deformable bodies. It will develop the student’s knowledge on Structural Mechan...,0
module_2032595336d57b6f,MU1CCC,MU1CCC - Musicianship (A),Department of Arts and Humanities,Dr Emily Baines,Narrow Domain (Below Interdisciplinary Aspect Thresholds),This module supports you if most of your experience is in DAW‑based music making and you’re new to notation and its language. You’ll learn how to collaborate co...,0
module_22d173a1e90b8cec,EN3626,EN3626 - Special Topic: Violence,Department of Arts and Humanities,Dr Billur Ozgul,Narrow Domain (Below Interdisciplinary Aspect Thresholds),When it was first launched the Violence module caused quite a stir with its combination of contemporary critical theory and inspiration from the Finnish phenome...,0
module_236b849fdaf20180,PH5673,PH5673 - Anatomy 2: Upper Quadrant,Department of Health Sciences,Dr Amanda Ager,Narrow Domain (Below Interdisciplinary Aspect Thresholds),This module will introduce the student to the normal structure and function of the human body. The student will be introduced to the structural and functional a...,0
module_23c966a366b8ea14,CY2613,"CY2613 - Gangs, Street Culture and Crime","Department of Social Sciences, Media and Communications",Dr Ebony Reid,Narrow Domain (Below Interdisciplinary Aspect Thresholds),Students will be introduced to the history and various subcultural debates that are related to gangs. Using the contributions of a wide range of theoretical deb...,0
module_23d777ad3649931c,GY2602,GY2602 - Geography: A Controversial Discipline,Department of Social and Political Sciences,Dr Rohini Rai,Narrow Domain (Below Interdisciplinary Aspect Thresholds),"This module will introduce students to the history and philosophy of geography through a critical, decolonial lens. Students will explore the social, cultural, ...",0
module_23e26117041fa2f4,PX5612,PX5612 - The Arab-Israeli Conflict,Department of Social and Political Sciences,Professor Matthew Hughes,Narrow Domain (Below Interdisciplinary Aspect Thresholds),"The module will provide students with a comprehensive understanding of the origins of the Arab-Israeli conflict through the perspectives of the Arab, Palestinia...",0
module_2499125b1f7390ef,SP36II,Critical Issues in Sport,Department of Life Sciences,Dr Laura Hills,Narrow Domain (Below Interdisciplinary Aspect Thresholds),The aim of this module is to provide students with an opportunity to critically evaluate social problems/issues associated with sports in contemporary society a...,0
module_249e8e6b8581ab76,,English for Specific Academic Purposes,Department of Electronic and Computer Engineering,Dr Monica Pereira,Narrow Domain (Below Interdisciplinary Aspect Thresholds),This module is designed to develop learners' English level in all 4 skills to IELTS 5.0 or equivalent.,0
module_24d4b1d219444502,CE26AA,CE26AA - Concrete Materials and Reinforced Concrete Design,Department of Civil and Environmental Engineering,Dr Esmaeel Esmaeeli,Narrow Domain (Below Interdisciplinary Aspect Thresholds),"Develop students’ understanding of cement, concrete mixtures, preparation and measuring properties of structural concrete Develop students’ understanding of the...",0
module_25124a7bae04d0b8,PH5637,PH5637 - Palliative and End of Life Care,Department of Health Sciences,Dr Mark Wareing,Narrow Domain (Below Interdisciplinary Aspect Thresholds),The aim of this module is to provide knowledge and skills in palliative and end-of-life care from an interdisciplinary perspective. Key module aims include: • D...,0
module_255068f4274f651a,SW5626,SW5626 Practicing Social Work,Department of Health Sciences,Professor Fiona Verity,Narrow Domain (Below Interdisciplinary Aspect Thresholds),This module enables students to develop an understanding of the role of the social worker through three days of shadowing. Students will learn to demonstrate a ...,0
module_2602b936e09b5034,PP3623,"PP3623 - Media, Politics & Power in America","Department of Social Sciences, Media and Communications",Dr Billur Ozgul,Narrow Domain (Below Interdisciplinary Aspect Thresholds),This module seeks to familiarise students with the contemporary issues agenda in American politics. It seeks to demonstrate the ways in which politicians and in...,0
module_270ed221b0641bec,SC1603,SC1603 - Contemporary Challenges,"Department of Social Sciences, Media and Communications",Dr Magali Peyrefitte,Narrow Domain (Below Interdisciplinary Aspect Thresholds),"This module provides hands-on experience of how social and political science operates outside the university, focusing on Contemporary Challenges. Over ten week...",0
module_27e8f417b6fd3a3a,LS36XX,LS36XX - Final Year Research Project,Department of Life Sciences,Dr Sofia Barbosa Boucas,Narrow Domain (Below Interdisciplinary Aspect Thresholds),The module aims to provide the students with experience of conducting and writing up a substantial independent empirical research project in the Life Sciences. ...,0
module_287d5b8c3ec61cf5,,Advanced Process Engineering,Department of Mechanical and Aerospace Engineering,Dr Bertrand Delpech,Narrow Domain (Below Interdisciplinary Aspect Thresholds),"This module aims to deliver advanced knowledge and skills in process engineering design, advanced particulate process technologies and advanced reactor design. ...",0
module_28bea93ea504b469,,Advanced Reinforced and Prestressed Concrete Design,Department of Civil and Environmental Engineering,Dr Esmaeel Esmaeeli,Narrow Domain (Below Interdisciplinary Aspect Thresholds),"This module aims to further introduce students to the principles and methods of design for reinforced concrete elements and structures etc, and to introduce stu...",0
module_28cb560e172a0f26,,Devices and Circuits,Department of Electronic and Computer Engineering,Dr Shaoqing Hu,Narrow Domain (Below Interdisciplinary Aspect Thresholds),"The module aims to introduce basic principles and analytical methods for linear circuits, and introduce the basic principles of diode and transistor circuits an...",0
module_29a42427d4b2d6ff,,Separation Processes I,Department of Mechanical and Aerospace Engineering,Dr Bertrand Delpech,Narrow Domain (Below Interdisciplinary Aspect Thresholds),"The primary aim of this module is to introduce the unit operations of distillation absorption/desorption, humidification, adsorption and solvent extraction, bas...",0
module_2a116f7e7d2725e0,SP5503,SP5503 - Professional Development,Department of Health Sciences,Dr Dominic Orth,Narrow Domain (Below Interdisciplinary Aspect Thresholds),This module aims to enable students to pursue an area of interest that is relevant to their professional development. Students have the opportunity to negotiate...,0
module_2afe5c7c22d05e91,ED3700,ED3700 - Growing Up in 21st Century Britain,Department of Education,Dr Saima Salehjee,Narrow Domain (Below Interdisciplinary Aspect Thresholds),"This study block aims to enable students to critically review current debates in the field of children and young people, childhood and youth, to develop an unde...",0
module_2d37a170d39c4e4c,BB3738,BB3738 - Microbial Pathogenesis,Department of Life Sciences,Dr Christian Rudolph,Narrow Domain (Below Interdisciplinary Aspect Thresholds),To provide a comprehensive understanding of cellular and molecular basis of microbial pathogenesis and host-pathogen interactions.,0
module_2dbc23e74240bab5,PH5630,PH5630 - Neurophysiological Basis for Rehabilitation of Movement,Department of Health Sciences,Dr Alyson Warland,Narrow Domain (Below Interdisciplinary Aspect Thresholds),"On this module, students will develop their knowledge of clinical neurophysiology and motor control, relevant to rehabilitation of movement. This will be achiev...",0
module_2e0cce481640e966,EN2619,EN2619 - Postcolonial Writing,Department of Arts and Humanities,Professor Jago Morrison,Narrow Domain (Below Interdisciplinary Aspect Thresholds),Postcolonial writing often comes out of difficult circumstances. Its writers sometimes risked everything to publish what they needed to say. These are the new p...,0
module_2fead63a4c7abe77,EC5605,EC5605 - International Finance,"Department of Economics, Finance and Accounting",Miss Dilruba Karim,Saturated / Fully Covered by Primary Lead,"While a large part of Economics and Finance, in theory and practice, can be treated as a mainly domestic exercise, there exists an increasing number of areas th...",1
module_3064385072da0e04,EE3641,EE3641 - Advanced Electronics,Department of Electronic and Computer Engineering,Professor Akram Khan,Narrow Domain (Below Interdisciplinary Aspect Thresholds),"This module aims to present more advanced concepts, methods and techniques to analyse and design electronic systems for various aspects of applications appropri...",0
module_310aee4d30a45a5a,JR200C,Court Reporting,Department of Social and Political Sciences,Dr Magali Peyrefitte,Narrow Domain (Below Interdisciplinary Aspect Thresholds),You will be tasked to source and develop a variety of local arts-based stories and then prepare them for publication on a variety of platforms.,0
module_3238a101542a5f55,MA5672,MA5672 - Random Matrix Theory,Department of Mathematics,Dr Dmitry Savin,Narrow Domain (Below Interdisciplinary Aspect Thresholds),This module aims to master the basic concepts of the modern Random Matrix Theory (RMT).,0
module_33430cb8f7d37f0d,CYXXX,"CYXXX - Power, Space and Resistance: Carceral Geographies","Department of Social Sciences, Media and Communications",Professor Monica Degen,Sparse / Missing Syllabus Description,,0
module_356765a5615d88da,EN1610,EN1610 - Literary London,Department of Arts and Humanities,Dr Rohini Rai,Narrow Domain (Below Interdisciplinary Aspect Thresholds),Brunel is proud of its West London location and celebrates being a campus university in one of the most exciting cultural capitals in the world today. London is...,0
module_359a1f1a765ba73c,CW2605,CW2605 - Writing Genre,Department of Arts and Humanities,Professor Jago Morrison,Narrow Domain (Below Interdisciplinary Aspect Thresholds),"This module focusses on three popular and enduring genres - horror, science fiction, and fantasy - which provide endless fascination for readers and practitione...",0
module_362d2ca3eb3d43f1,SP2616,"SP2616 - Physical Activity, Health and Wellbeing in the Life Course",Department of Life Sciences,Professor Louise Mansfield,Narrow Domain (Below Interdisciplinary Aspect Thresholds),This module aims to develop students’ ability to examine and apply selected theories and concepts of physical activity for health and wellbeing in the life cour...,0
module_372cd74677f04947,SW5634,SW5634 Professional Practice,Department of Health Sciences,Professor Fiona Verity,Narrow Domain (Below Interdisciplinary Aspect Thresholds),"This module which runs across the whole of year two links closely with student experiences of placement in year 2. It provides policy, legal and best practice m...",0
module_386ad708d6d58ad8,MU2637,MU2637 - Musical Languages and Analysis,Department of Arts and Humanities,Dr Brent Ferguson,Sparse / Missing Syllabus Description,,0
module_39f70b948ecbd164,ED1713,ED1713 - Study Skills and Methods of Enquiry,Department of Education,Professor Mike Watts,Narrow Domain (Below Interdisciplinary Aspect Thresholds),"This study block aims to give students a sound knowledge of the study skills required for undertaking an Education degree, and to give students a sound knowledg...",0
module_3a46c72983ab310d,DR2628,DR2628 - Applied Theatre Project,Department of Arts and Humanities,Dr Katerina Paramana,Narrow Domain (Below Interdisciplinary Aspect Thresholds),"Develop skills in workshop facilitation and performance-making for client groups, communities, or public engagement. Learn how to work creatively when respondin...",0
module_3ae05bfaa6c08d5d,MG5607,MG5607 - International Trade,Brunel Business School,Dr Anamaria Diana Sova,Saturated / Fully Covered by Primary Lead,"The importance of overseas trade on the economy. Focus on common barriers to trade, regional trading arrangements, and the case for and against the concept of f...",1
module_3b6757a8b82a2211,SP2617,SP2617 - Physiology of Sport and Exercise,Department of Life Sciences,Dr Oliver Gibson,Narrow Domain (Below Interdisciplinary Aspect Thresholds),"The aim of this module is to provide an overview of the body’s immediate response to, and recovery from, a single bout of exercise. Students will critically ana...",0
module_3b9d473d8edbf0fb,PH5670,PH5670 - Anatomy 1: Lower Quadrant,Department of Health Sciences,Dr Amanda Ager,Narrow Domain (Below Interdisciplinary Aspect Thresholds),This module will introduce the student to the normal structure and function of the human body. The student will be introduced to the structural and functional a...,0
module_3c050530bf921ff4,LX3656,LX3656 - Canadian Constitutional Law,Department of Social and Political Sciences,Dr Inge Dornan,Narrow Domain (Below Interdisciplinary Aspect Thresholds),"To provide students with a basic understanding of Canadian Constitutional Law; To introduce students to fundamental aspects of Canadian Constitutional Law, incl...",0
module_3e64b3c8389d7272,SA5627,SA5627 - War and Humanitarianism,Department of Social and Political Sciences,Dr Hannah Whittaker,Narrow Domain (Below Interdisciplinary Aspect Thresholds),"This module explores war, violence and humanitarian aid from an anthropological perspective. Classical anthropological explanations for war and violence will be...",0
module_3ea95106e21c0a7d,PX2614,"PX2614 - The First World War: Causes, Course, Consequences",Department of Social and Political Sciences,Professor Matthew Seligmann,Narrow Domain (Below Interdisciplinary Aspect Thresholds),"This module aims to introduce the main areas of debate surrounding the origins, course and consequences of the First World War and to introduce the range of dif...",0
module_3edabdaf4e65af58,NURSINGPRACTICEMODULEFORPART3,Nursing Practice Module for Part 3,Department of Health Sciences,Dr Allison Wiseman,Narrow Domain (Below Interdisciplinary Aspect Thresholds),"The aim of this module is to provide opportunities for the nursing student to expand their knowledge and skills of nursing care, leadership, managing nursing ca...",0
module_3f19c94855315882,,Mechanical Engineering Structures,Department of Mechanical and Aerospace Engineering,Dr Mayo Adetoro,Narrow Domain (Below Interdisciplinary Aspect Thresholds),This module aims to introduce advanced concepts for the analysis and design of mechanical engineering structures and structural components. Students to develop ...,0
module_3f792ac8f6df0489,ED55021,ED55021 - Education Studies III,Department of Education,Dr Paula Zwozdiak-Myers,Narrow Domain (Below Interdisciplinary Aspect Thresholds),"The aims of this module are to develop critical knowledge and understanding of teaching methods as appropriate to the subject/phase of focus, to reflect critica...",0
module_3fd07176f0fdd00b,SO2610,"SO2610 - Colonialism, Migration and Global Racism","Department of Social Sciences, Media and Communications",Dr Rohini Rai,Narrow Domain (Below Interdisciplinary Aspect Thresholds),"This module explores the concept, meaning and practices of ‘race’, ethnicity, racialization, and global racisms. It identifies how ‘race’ and racism have evolve...",0
module_3fe2b0d50a28e2a0,EC5618,Placement,"Department of Economics, Finance and Accounting",Mrs Jasmine Cooper,Sparse / Missing Syllabus Description,,0
module_40903fd659d28bfe,,Separation Processes II,Department of Mechanical and Aerospace Engineering,Dr Bertrand Delpech,Narrow Domain (Below Interdisciplinary Aspect Thresholds),The primary aim of this module is to meet the growing need of industry for graduates with high level knowledge and skills in materials processing and separation...,0
module_41bada5b128cfdd5,CO3XXX,Media and Social Justice,Department of Social and Political Sciences,Dr Billur Ozgul,Narrow Domain (Below Interdisciplinary Aspect Thresholds),"The module explores how media represent social justice and identity giving particular attention to race, ethnicity, poverty and social justice, and focusing on ...",0
module_41e1ebd307f78203,PH5626,PH5626 - Contemporary Theory and Clinical Application in Musculoskeletal Practice: The Upper Quadrant,Department of Health Sciences,Dr Amanda Ager,Narrow Domain (Below Interdisciplinary Aspect Thresholds),"This module aims to develop advanced critical understanding of the current theory and science of current lower quadrant musculoskeletal practice, and to develop...",0
module_41e3c02607652b19,SW5631,SW5631 Concepts and Perspectives Underpinning Social Work,Department of Health Sciences,Dr Cristina Asenjo Palma,Narrow Domain (Below Interdisciplinary Aspect Thresholds),Equipping students to apply contemporary theoretical perspectives in social work to interpret social problems from both the micro-level of intra-personal and ma...,0
module_443c499db78437c3,SO2609,"SO2609 - Gender, Sexuality and Feminism","Department of Social Sciences, Media and Communications",Dr Sara De Benedictis,Narrow Domain (Below Interdisciplinary Aspect Thresholds),This module will introduce students to core ideas in feminism via the key concepts of gender and sexuality. It will develop students’ understandings of social s...,0
module_4467a1a1ec8f8dca,ENHANCINGSKILLSFORNURSINGPRACTICE(ADULT),Enhancing Skills for Nursing Practice (Adult),Department of Health Sciences,Dr Mark Wareing,Narrow Domain (Below Interdisciplinary Aspect Thresholds),This module will build on and enable the nursing student to further develop their knowledge and clinical skills set. This will involve building upon knowledge a...,0
module_4569e865ad9359d7,NURSINGPRACTICEMODULEFORPART2,Nursing Practice Module for Part 2,Department of Health Sciences,Dr Allison Wiseman,Narrow Domain (Below Interdisciplinary Aspect Thresholds),This module builds upon the knowledge and skills learnt in practice in part 1 and part 2 of the theory skills modules. It will enable the nursing student to fur...,0
module_45af14f94b4b6536,,Process Control,Department of Mechanical and Aerospace Engineering,Dr Alireza Mousavi,Narrow Domain (Below Interdisciplinary Aspect Thresholds),The main aim of this module is to teach graduates how to design and implement control systems for continuous chemical processes in modern chemical plants which ...,0
module_46f714b29925f687,ME5691,ME5691 - Advanced Solid Body Mechanics and FEA,Department of Mechanical and Aerospace Engineering,Dr Rui Ramos Cardoso,Narrow Domain (Below Interdisciplinary Aspect Thresholds),This module aims to enable students to understand specialist advance research topics in solid body mechanics based on the recent and current research work in th...,0
module_477a9760ff7185e8,ED5622,ED5622 - PGCE Secondary Education Teachers’ Standards for Qualified Teachers Status,Department of Education,Dr Paula Zwozdiak-Myers,Narrow Domain (Below Interdisciplinary Aspect Thresholds),"The main aim of this module is to ensure that the content, structure, delivery and assessment of training enables student teachers to demonstrate that they meet...",0
module_482c98b18739caba,,Dramatherapy Theory and Practice I,Department of Arts and Humanities,Dr Emily Baines,Narrow Domain (Below Interdisciplinary Aspect Thresholds),"You will learn how to demonstrate expert competence in the use of drama, theatre, and performance methods and techniques, and verbal skills to facilitate a ther...",0
module_4ac61ef7714e591d,MS1708,"Limbs, Joints and Movement",Brunel Medical School,Unassigned Lead,Sparse / Missing Syllabus Description,,0
module_4b154c67ad713efc,,Nursing Practice Module For Year 3,Department of Health Sciences,Dr Allison Wiseman,Narrow Domain (Below Interdisciplinary Aspect Thresholds),"Students will work within their role as a team member, and develop knowledge and skills enabling them to meet the NMC proficiencies. The practice placement will...",0
module_4b72cdc6fae6fa3e,,Clinical Placement A,Department of Arts and Humanities,Dr Katerina Paramana,Narrow Domain (Below Interdisciplinary Aspect Thresholds),"The aims of clinical placement (A) are to demonstrate an in-depth applied knowledge of the use of the arts form within a therapeutic relationship, being able to...",0
module_4bb2413d6f02e493,EE5150,EE5150 - Radio and Optical Communication Systems,Department of Electronic and Computer Engineering,Professor John Cosmas,Narrow Domain (Below Interdisciplinary Aspect Thresholds),This module aims to consider the operation of radio and optical frequency systems and their integration into global systems for effective communications.,0
module_4c2935a1c2cc20fe,EN1611,EN1611 - World Literature,Department of Arts and Humanities,Dr Peter Wilkin,Narrow Domain (Below Interdisciplinary Aspect Thresholds),Brunel campus is a global majority campus with over 150 different countries represented and well over 150 different languages spoken. It is located in West Lond...,0
module_4cd5176dca6b7e04,ES5621,ES5621 - Research Planning and Communication Skills,Department of Life Sciences,Dr Sofia Barbosa Boucas,Narrow Domain (Below Interdisciplinary Aspect Thresholds),The module aims to develop students' written and verbal communication skills. Students will gain experience in writing a research proposal and presenting their ...,0
module_4d69c86315529aac,,Enhancing Skills for Child Nursing,Department of Health Sciences,Dr Mark Wareing,Narrow Domain (Below Interdisciplinary Aspect Thresholds),This module will build on and enable the child nursing student to further develop their knowledge and skills required for their role in assessing and initiating...,0
module_4d84458e86fb8db9,GY200F,GY200F Dynamic Earth (field-based),Department of Social and Political Sciences,Unassigned Lead,Sparse / Missing Syllabus Description,,0
module_4e4c544f8b13e231,SP3614,SP3614 - Employability and Professional Development,Department of Life Sciences,Dr Sofia Barbosa Boucas,Narrow Domain (Below Interdisciplinary Aspect Thresholds),"The aim of this module is to continue to improve students’ professional development and employability through critical reflexive practice, personal responsibili...",0
module_4e9038cc4c594d87,EN3622,"EN3622 - Literature, Culture, Society: The Victorians",Department of Arts and Humanities,Dr Ellie Reed,Narrow Domain (Below Interdisciplinary Aspect Thresholds),"Shaped by industrial revolution and radical social reform, the Victorian period was a time of enormous historical and literary change, introducing key values, i...",0
module_4f52d9097e4a712b,PX3616,PX3616 - The Second World War,Department of Social and Political Sciences,Dr Richard Hammond,Narrow Domain (Below Interdisciplinary Aspect Thresholds),"This module explores the military, political and socio-economic events and developments of the Second World War. Students will focus on the historiography and c...",0
module_4f858b5a4b254ee4,,Algebra B,"Department of Economics, Finance and Accounting",Unassigned Lead,Sparse / Missing Syllabus Description,,0
module_4fbc6e2fe4dec875,EE5656,EE5656 - Advanced Analogue Electronics and Photonics,Department of Electronic and Computer Engineering,Dr Lu Gan,Narrow Domain (Below Interdisciplinary Aspect Thresholds),This module aims to enable students to focus on photonic systems and electronic systems for sensors in general the use of real-world examples and hence to acqui...,0
module_5008d524b433f1c4,SA2615,SA2615 - Understanding Childhood and Youth,"Department of Social Sciences, Media and Communications",Professor Peggy Froerer,Narrow Domain (Below Interdisciplinary Aspect Thresholds),"This module will introduce you to the study of childhood and youth as they are constructed and practiced in different social, cultural and economic settings. Th...",0
module_50dd5aa71f962a87,FM5604,Public Relations and Media Strategies Major Project,"Department of Social Sciences, Media and Communications",Dr Billur Ozgul,Narrow Domain (Below Interdisciplinary Aspect Thresholds),The dissertation module enables students to produce a substantial piece of research on a topic agreed with a supervisor in the area of Media and Public Relation...,0
module_51d026aeb9c24d29,,Materials and Manufacturing,Brunel Design School,Dr Mohammed Elsouri,Narrow Domain (Below Interdisciplinary Aspect Thresholds),"Aim: To enable students to develop the fundamental knowledge of materials science and materials engineering, properties for various materials, the selection pro...",0
module_5276750ff411d3fc,PP2629,PP2629 - The State and Revolution,"Department of Social Sciences, Media and Communications",Professor Peter D. Thomas,Narrow Domain (Below Interdisciplinary Aspect Thresholds),This module provides students with an understanding of the historical emergence of two of the central concepts of modern political thought: the state and revolu...,0
module_52cdb1c5240fe153,EN5601,"EN5601 - Reading, Research and Writing",Department of Arts and Humanities,Professor Jago Morrison,Narrow Domain (Below Interdisciplinary Aspect Thresholds),This module aims to introduce or build upon research skills usually gained during undergraduate studies by honing your approach and technique to a standard requ...,0
module_535dafb158433c3e,,Graduation Project,Department of Electronic and Computer Engineering,Dr Arthur Money,Narrow Domain (Below Interdisciplinary Aspect Thresholds),"The module aims to provide students with the opportunity to design, execute, report and demonstrate a substantial individual project in a professional manner an...",0
module_56479ad4126abaf8,PH1603,PH1603 - Anatomy 2: Upper Quadrant,Department of Health Sciences,Dr Amanda Ager,Narrow Domain (Below Interdisciplinary Aspect Thresholds),This module will introduce the student to the normal structure and function of the human body. The student will be introduced to the structural and functional a...,0
module_576bd8c5fdea1c91,SP2621,"SP2621 - Sport, Social Issues and Video Production",Department of Life Sciences,Dr Laura Hills,Sparse / Missing Syllabus Description,,0
module_58fb6aa8058242ff,,Principles of Heat Transfer,Department of Mechanical and Aerospace Engineering,Professor Tassos Karayiannis,Narrow Domain (Below Interdisciplinary Aspect Thresholds),This module aims to present theory and practical concepts of single and two-phase heat transfer. Students will learn to extend the analytical study of heat tran...,0
module_59d97550956470c0,FM3644,FM3644 - Gender and Sexuality,Department of Arts and Humanities,Dr Kate Houlden,Narrow Domain (Below Interdisciplinary Aspect Thresholds),This module is largely led by feminist theory and queer theory where we examine a range of identities onscreen in relation to gender and sexuality. A number of ...,0
module_5ab63c317b2b94c7,SP2615,SP2615 - Graduate and Transferable Skills,Department of Life Sciences,Dr Sofia Barbosa Boucas,Narrow Domain (Below Interdisciplinary Aspect Thresholds),The aim of this module is to introduce a range of knowledge and skills expected within working environments. Students will develop their ability to engage in se...,0
module_5b93ee45307b2a2d,CW2602,CW2602 - Fiction II,Department of Arts and Humanities,Dr Anneleen Kenis,Narrow Domain (Below Interdisciplinary Aspect Thresholds),The short story is one of the most powerful and satisfying forms of writing to produce. This module focusses on writing and understanding intricate masterpieces...,0
module_5bac260559ae1912,,Major Project - Practice-based Research,Department of Arts and Humanities,Dr Stuart Andrews,Sparse / Missing Syllabus Description,,0
module_5c0618f486a7f5e3,BB2736,BB2736 - Developmental Genetics and Stem Cell Biology,Department of Life Sciences,Dr Victor Hernandez,Narrow Domain (Below Interdisciplinary Aspect Thresholds),This module provides students with an understanding of embryogenesis and foetal development through the study of developmental mechanisms in model organisms and...,0
module_5c63f02b793b3f49,SP36JJ,Critical Pedagogy and Learning in Sport,Department of Life Sciences,Dr Laura Hills,Narrow Domain (Below Interdisciplinary Aspect Thresholds),"The aim of this module is to explore how diverse learners experience Physical Education and youth sport, and to consider the application of critical pedagogy to...",0
module_5cbeb1b0e7362363,PH5681,PH5681 - Neurorehabilitation,Department of Health Sciences,Dr Amanda Ager,Narrow Domain (Below Interdisciplinary Aspect Thresholds),"This module aims to provide the student with the opportunity to develop neurological physiotherapy assessment and treatment skills, and clinical reasoning and e...",0
module_5f0f6d5a06fda309,TB,EE5622 - Communication Network Technologies,Department of Electronic and Computer Engineering,Professor John Cosmas,Narrow Domain (Below Interdisciplinary Aspect Thresholds),This module will focus on advanced communication technologies and networks. Indicative contents: Network Basics: ISO/OSI Reference Model and TCP/IP Reference Mo...,0
module_5f2a28e3d405930a,0,"Nutrition, Digestion and Absorption",Brunel Medical School,Unassigned Lead,Sparse / Missing Syllabus Description,,0
module_5f8427b0614c6fbd,BB3601,BB3601 - Final Year Project,Department of Life Sciences,Dr Sofia Barbosa Boucas,Narrow Domain (Below Interdisciplinary Aspect Thresholds),To enable students to complete an enquiry‑based independent project involving the analysis and critical evaluation of research data. FYP topics reflect staff ex...,0
module_5fbf1c59df8089d8,LX3623,LX3623 - Employment Law,Department of Social and Political Sciences,Dr Anna Tuckett,Narrow Domain (Below Interdisciplinary Aspect Thresholds),"To introduce students to the historical and socio-political development of employment law in the UK; To familiarise students with the creation, terms and termin...",0
module_60458672558a6c1a,ME5689,ME5689 - Advanced Materials and Manufacturing,Department of Mechanical and Aerospace Engineering,Dr Nithin Amirth Jayasree,Narrow Domain (Below Interdisciplinary Aspect Thresholds),To provide a comprehensive understanding of properties of various types of materials choices for lightweight and high-performance structural design. To enable s...,0
module_61275689141d36b6,EC2615,EC2615 - Money and Banking,"Department of Economics, Finance and Accounting",Miss Dilruba Karim,Saturated / Fully Covered by Primary Lead,This module aims to provide students with a good grasp of both the theoretical and practical issues related to the modern financial markets and intermediaries. ...,1
module_62de496d6ecbd42b,BE16BB,BE16BB - Professional Engineering Skills - Social Responsibility,Department of Civil and Environmental Engineering,Dr Monica Pereira,Narrow Domain (Below Interdisciplinary Aspect Thresholds),"To introduce students with the core principles and values underpinning the work of engineers, its bread and impact on society and the responsibilities that aris...",0
module_646c2c34f6893ca1,,Dramatherapy Theory and Practice II,Department of Arts and Humanities,Dr Emily Baines,Narrow Domain (Below Interdisciplinary Aspect Thresholds),The main aims of this module are to be able to know how evidence-based practice relates to dramatherapy and the required skills to be able to treat people in a ...,0
module_64c7178448a903f7,CE26CC,CE26CC - Mechanics of Materials,Department of Civil and Environmental Engineering,Dr Rabee Shamass,Narrow Domain (Below Interdisciplinary Aspect Thresholds),Provide students with a qualitative understanding of different types of internal actions (stresses and strains) in structural members associated with different ...,0
module_6598f5e5fe9c0d8a,PX3626,PX3626 - The Arab-Israeli Conflict,"Department of Social Sciences, Media and Communications",Professor Matthew Hughes,Narrow Domain (Below Interdisciplinary Aspect Thresholds),"We survey the Arab-Israeli conflict, covering three overarching themes: 1) Origins of the Conflict; 2) Evolution of the Conflict; and 3) Peace and its Limits. T...",0
module_6617f2d0000f9477,EN3625,EN3625 - Post-War and Late Twentieth-Century Literature 1945 - 2001,Department of Arts and Humanities,Professor Jago Morrison,Narrow Domain (Below Interdisciplinary Aspect Thresholds),Brunel English has consistently been a national leader in contemporary literary studies for over two decades. We have a complex and increasingly global understa...,0
module_66a6efa7931e67b2,,Vehicle Structures and FEA,Department of Mechanical and Aerospace Engineering,Dr Rui Ramos Cardoso,Narrow Domain (Below Interdisciplinary Aspect Thresholds),This module aims to introduce advanced concepts for the analysis and design of lightweight vehicle structures. Students to develop further the Finite Element An...,0
module_66b61d5dfef0a4b7,NURSINGPRACTICEFORPART1,Nursing Practice for Part 1,Department of Health Sciences,Dr Allison Wiseman,Narrow Domain (Below Interdisciplinary Aspect Thresholds),"This module will introduce the nursing student to the care environment, under supervision, in which the essentials of caring skills are delivered. The practice ...",0
module_671c9c51377504e9,SC3600,SC3600 - Making the Social,Department of Social and Political Sciences,Dr Magali Peyrefitte,Narrow Domain (Below Interdisciplinary Aspect Thresholds),An introduction to core concepts in social theory. The emphasis is on concepts through which students can relate to the worlds they inhabit and the lives they l...,0
module_67711ee7374e1379,NURSINGPRACTICEMODULEFORPART2,Nursing Practice Module for Part 2,Department of Health Sciences,Dr Allison Wiseman,Narrow Domain (Below Interdisciplinary Aspect Thresholds),This module builds upon the knowledge and skills learnt in practice in part 1 and part 2 of the theory and skills module. It will enable the nursing student to ...,0
module_67c5cfb8d4dfed0f,SP26FF,The Application of Sport Science to Coaching: Working with Individuals,Department of Life Sciences,Dr Laura Hills,Narrow Domain (Below Interdisciplinary Aspect Thresholds),The aim of this module is to promote students’ understanding of the multidisciplinary nature of coaching and their ability to apply theory to sports coaching pr...,0
module_6b124d3d9357b604,PX200A,"The African American Struggle for Civil Rights, 1941-1992",Department of Social and Political Sciences,Dr Inge Dornan,Narrow Domain (Below Interdisciplinary Aspect Thresholds),"This module aims to examine the tactics and strategies employed by African Americans during the period 1941 to 1992, thereby helping students to gain a critical...",0
module_6c222ec521cf4c89,PP2631,PP2631 - From Student to Scholar: Successful Research in the Modern World,Department of Social and Political Sciences,Professor Peter D. Thomas,Narrow Domain (Below Interdisciplinary Aspect Thresholds),Preparing students for their final year dissertation begins in the second year in From Student to Scholar: Successful Research in the Modern World. This module ...,0
module_6c431358d521e0ed,SW5636,SW5636 Contemporary and International Perspectives,Department of Health Sciences,Dr Cristina Asenjo Palma,Narrow Domain (Below Interdisciplinary Aspect Thresholds),"This module takes student through varying and different perspectives from across the globe. This is to prepare students both for working in other countries, cul...",0
module_6cbfb3d9b9a1478d,GY2608,GY2608 - Geomorphological and Earth Hazards,Department of Social and Political Sciences,Dr Anneleen Kenis,Narrow Domain (Below Interdisciplinary Aspect Thresholds),Students will develop their understanding of a range of geomorphological features and hazards at a variety of temporal and spatial scales. On completion of the ...,0
module_6d5ec59b25bcfbed,,Creative Journaling,Department of Arts and Humanities,Dr Ellie Reed,Narrow Domain (Below Interdisciplinary Aspect Thresholds),Journaling is one of the most widely practiced forms of creative expression in the world today. If we count things like blogging and social media posts as part ...,0
module_6dfb994269daaa32,ED2714,ED2714 - Educational Practices and the Early Years,Department of Education,Dr Lewis Fogarty,Narrow Domain (Below Interdisciplinary Aspect Thresholds),"This study block aims to develop your understanding of the foundation years of education by exploring how philosophical, psychological and sociological perspect...",0
module_6e72611a1d06b118,FM2635,FM2635 - Understanding the Film and TV Industries,Department of Arts and Humanities,Dr Sean Holmes,Narrow Domain (Below Interdisciplinary Aspect Thresholds),This module is a key element in the employability strand that runs through every level of our programme. It focuses primarily upon the British context but it al...,0
module_6f74e63a3464d3d3,MU1623,MU1623 - Composing 1: Introduction,Department of Arts and Humanities,Dr Brent Ferguson,Sparse / Missing Syllabus Description,,0
module_702dd66fb4202b6e,MA2620,MA2620 - Professional Development and Project Work,Department of Mathematics,Dr Sarah Cang,Narrow Domain (Below Interdisciplinary Aspect Thresholds),"Aims to develop skills required for planning and obtaining employment, whether it is an internship, a placement or a graduate job, in a field related to the stu...",0
module_713b3b0e0923e621,,Nursing Practice Module for Year 3,Department of Health Sciences,Dr Allison Wiseman,Narrow Domain (Below Interdisciplinary Aspect Thresholds),"Students will work within their role as a team member, and develop knowledge and skills enabling them to meet the NMC learning outcomes. The practice placement ...",0
module_71ba453a493b70b1,PH5618,PH5618 - Rehabilitation after Critical Illness,Department of Health Sciences,Dr Vicky MacBean,Narrow Domain (Below Interdisciplinary Aspect Thresholds),This module will allow students to develop theoretical knowledge and critical understanding of the physiological processes underpinning chronic critical illness...,0
module_74fe4d8422c9916b,CE5643,CE5643 - Advanced Construction Materials and Building Retrofitting,Department of Civil and Environmental Engineering,Dr Rabee Shamass,Narrow Domain (Below Interdisciplinary Aspect Thresholds),"* To give the students advanced theoretical knowledge in Finite Element Analysis, Structural Design and Design of Components. * To equip students with the abili...",0
module_75505f641dc29b9a,SA5614,"SA5614 - Applied Learning for Children, Youth and International Development","Department of Social Sciences, Media and Communications",Professor Peggy Froerer,Narrow Domain (Below Interdisciplinary Aspect Thresholds),"Examine the relevance and responsibility of your academic studies in children, youth and international development to community, voluntary action as you conside...",0
module_7561c3309447abbc,AF3LLL,AF3LLL - Housing Finance,"Department of Economics, Finance and Accounting",Miss Dilruba Karim,Saturated / Fully Covered by Primary Lead,This module aims to demonstrate a sound knowledge of the operation of housing finance at both a micro and macro levels. It will cover the behaviour of lenders i...,1
module_7594a47f0c765669,MA2616,MA2616 - Linear and Abstract Algebra,Department of Mathematics,Dr Anne-Sophie Kaloghiros,Narrow Domain (Below Interdisciplinary Aspect Thresholds),"Aims to enlarge the set of technical tools of linear algebra and develop its applications to different problems, including construction and analysis of linear m...",0
module_78726c51345ca466,,Advanced Steel Design,Department of Civil and Environmental Engineering,Dr Rabee Shamass,Narrow Domain (Below Interdisciplinary Aspect Thresholds),"This module aims to introduce the concept of advanced steel design and composite construction and their applications in engineering, and to develop in depth und...",0
module_78a02f64bf8fa040,LX2610,LX2610 - Contract Law and Civil Justice Systems,Department of Social and Political Sciences,Dr Anna Tuckett,Narrow Domain (Below Interdisciplinary Aspect Thresholds),"This module introduces students to the Law of Contract and the civil justice system, providing a solid foundation in the theoretical underpinnings of these lega...",0
module_7972137338281d55,GY3603,GY3603 - Leadership for Change,Department of Social and Political Sciences,Professor Nicola Ansell,Narrow Domain (Below Interdisciplinary Aspect Thresholds),This module aims to develop the leadership and influence skills that will help you to promote forms of positive change within society and the environment (eithe...,0
module_7ae19f658636b57d,EN3621,EN3621 - English Special Project,Department of Arts and Humanities,Professor Jago Morrison,Narrow Domain (Below Interdisciplinary Aspect Thresholds),You will produce an extended piece of work totally 10000 words (500 word plan plus 9500 word dissertation) in which you will undertakes a programme of independe...,0
module_7b1190b312c0cec6,CY5601,CY5601 - Deconstructing Criminological Imaginations,Department of Social and Political Sciences,Dr Anamika Twyman-Ghoshal,Narrow Domain (Below Interdisciplinary Aspect Thresholds),"The module will support students to develop an in-depth understanding, awareness, and engagement with major theoretical trends and debates in contemporary crimi...",0
module_7b5c97e1c955d813,MS1706,"Blood, Circulation and Respiration",Brunel Medical School,Unassigned Lead,Sparse / Missing Syllabus Description,,0
module_7c653221056e201c,PX3628,PX3628 - Primary Source Workshop,Department of Social and Political Sciences,Dr Paul Moody,Sparse / Missing Syllabus Description,,0
module_7c8db5c92f7bc22e,SP3615,"SP3615 - Issues in Physical Activity, Health and Wellbeing in the Life Course",Department of Life Sciences,Professor Louise Mansfield,Narrow Domain (Below Interdisciplinary Aspect Thresholds),"The aim of this module is to select, critically analyse and apply interdisciplinary knowledge and methods to understanding physical activity, health and wellbei...",0
module_7d24dbebd689af22,CY2612,CY2612 - Youth Crime and Youth Justice,Department of Social and Political Sciences,Dr Anamika Twyman-Ghoshal,Narrow Domain (Below Interdisciplinary Aspect Thresholds),The module examines current trends in youth offending and explores media responses. Theoretical debates surrounding youth crime are considered through a number ...,0
module_7d47436af69de0f1,EN2616,EN2616 - Literature and Revolution: Romanticism,Department of Arts and Humanities,Dr Inge Dornan,Narrow Domain (Below Interdisciplinary Aspect Thresholds),"The political events of the late eighteenth century – the American War of Independence, French Revolution, and Napoleonic wars – dramatically changed lives, ide...",0
module_7d9e0f616537ab93,EN2618,EN2618 - Contemporary Fiction: Britain and Ireland,Department of Arts and Humanities,Dr Emily Horton,Narrow Domain (Below Interdisciplinary Aspect Thresholds),"This module introduces students to a range of contemporary British and Irish fiction, developing knowledge of the variety and complexity of contemporary writing...",0
module_7e407abbe9fca189,,Nursing Practice Module for Year 1,Department of Health Sciences,Dr Allison Wiseman,Narrow Domain (Below Interdisciplinary Aspect Thresholds),This module is supported by the Pan London Practice Assessment Document (PLPAD) which is designed to support and guide students towards successfully achieving t...,0
module_7e50179b3f92b2a1,NURSINGPRACTICEFORPART1,Nursing Practice for Part 1,Department of Health Sciences,Dr Allison Wiseman,Narrow Domain (Below Interdisciplinary Aspect Thresholds),"This module will introduce the nursing student to the care environment, under supervision, in which the essentials of caring skills are delivered. The practice ...",0
module_7e58484e8d72bfbb,SP5503,SP5503 - Professional Development,Department of Life Sciences,Dr Rebecca Hings,Narrow Domain (Below Interdisciplinary Aspect Thresholds),"This module aims to enable students to pursue an area of interest that is relevant to their professional development, have the opportunity to negotiate, manage ...",0
module_7f8c9b01b2d9914f,SA2619,SA2619 - War and Humanitarianism,"Department of Social Sciences, Media and Communications",Dr Isak Niehaus,Narrow Domain (Below Interdisciplinary Aspect Thresholds),This module aims to provide students with a critical understanding of the main themes in the anthropology of war and humanitarian assistance. These include the ...,0
module_80f3998f734a9480,SW5633,SW5633 Advanced Practice Skills,Department of Health Sciences,Dr Yohai Hakak,Narrow Domain (Below Interdisciplinary Aspect Thresholds),This module teaches students how to respond to crises and complex issues in practice. The module uses role play scenarios and critical thinking exercises to pre...,0
module_813f04673ad4632b,ME0080,Material Science,Department of Mechanical and Aerospace Engineering,Dr Giulio Alfano,Narrow Domain (Below Interdisciplinary Aspect Thresholds),This module aims to introduce students to materials engineering theory through looking at a range of materials topics. The laboratories will reinforce the theor...,0
module_81cb409072b4b6a2,"PHYSICALACTIVITY,HEALTHANDWELLBEINGINTHELIFECOURSE","Physical Activity, Health and Wellbeing in the Lifecourse",Department of Life Sciences,Dr Charlotte Kerner,Narrow Domain (Below Interdisciplinary Aspect Thresholds),This module examines how physical activity contributes to health and wellbeing across different stages of life. Students will explore theoretical frameworks and...,0
module_834282a4dee6e30b,CE3619,CE3619 - Design of Steel and Timber Structures,Department of Civil and Environmental Engineering,Dr Muhammad Shafique,Saturated / Fully Covered by Primary Lead,"*To further develop students’ understanding, and application, of the key principles of limit state design. * To introduce students to the principles of prelimin...",1
module_83aa382423ed5839,,Group Project,Department of Computer Science,Dr Steven Sam,Narrow Domain (Below Interdisciplinary Aspect Thresholds),"The group project aims to integrate skills covered by the Year 1/Level 4 modules into a non-trivial, practical group task including a significant degree of prog...",0
module_84428b1e94417c53,SP26II,"Pedagogy, Social Psychology and Learning in Sport",Department of Life Sciences,Dr Rebecca Hings,Narrow Domain (Below Interdisciplinary Aspect Thresholds),This module enables students to develop their understanding of physical literacy as well as effective learning environments and motivational climates that suppo...,0
module_845081480552b27b,,Thermodynamics and Heat Transfer,Department of Mechanical and Aerospace Engineering,Professor Tassos Karayiannis,Narrow Domain (Below Interdisciplinary Aspect Thresholds),This module introduces new fundamental concepts of thermodynamics and apply to relevant thermal power and heating/cooling systems. Students learn basic concepts...,0
module_84a22eebb8d006d7,JR5615,JR5615 - Extended Practical Project,"Department of Social Sciences, Media and Communications",Dr Magali Peyrefitte,Narrow Domain (Below Interdisciplinary Aspect Thresholds),"To complete your course, you will have the choice of a Dissertation or an Extended Practical Project. The Extended Practical Project module will offer you the o...",0
module_84c0fb34ec378e8f,,Procurement and Contract Management,Department of Civil and Environmental Engineering,Dr Nuhu Braimah,Narrow Domain (Below Interdisciplinary Aspect Thresholds),This module aims to give a critical awareness and comprehensive understanding of available procurement strategies and procedures for administering contracts wit...,0
module_861fd74dfa332654,SO2615,SO2615 - Understanding Cities and Inequalities,"Department of Social Sciences, Media and Communications",Dr Rohini Rai,Narrow Domain (Below Interdisciplinary Aspect Thresholds),This module is introduces students to the links between social inequalities and urban transformations and apply this understanding to London. Processes of urban...,0
module_868cd28ba72b819f,EN2609,EN2609 - Professional Life,Department of Arts and Humanities,Dr Luke Heslop,Narrow Domain (Below Interdisciplinary Aspect Thresholds),"When you leave university – what happens next? What are your career aspirations? How will you realise them? In this module, you will gain confidence and experie...",0
module_88ee0d2bdcd943f1,JR3612,"JR3612 - Fake News, Images & Websites","Department of Social Sciences, Media and Communications",Dr Billur Ozgul,Narrow Domain (Below Interdisciplinary Aspect Thresholds),"The module aims to engage students with historical and contemporary debates about political hoaxes, fake news, images and videos and websites. The academic lite...",0
module_8a594375a2f7c15a,ED1714,ED1714 - Education Work Placements 1,Department of Education,Dr Paula Zwozdiak-Myers,Narrow Domain (Below Interdisciplinary Aspect Thresholds),"This study block aims to understand how the major disciplines of education impact upon professional communities, to provide opportunities to link the knowledge,...",0
module_8a6917c1d676c757,CE2619,CE2619 - Soil Mechanics,Department of Civil and Environmental Engineering,Dr Philip Collins,Narrow Domain (Below Interdisciplinary Aspect Thresholds),"Aims: To cover the fundamental multi-phase nature of soil; the effective stress concept, consolidation problems; to develop students’ understanding of the basic...",0
module_8a7a8ca946b9fa9c,,Emergent Wireless Network Technologies,Department of Electronic and Computer Engineering,Professor John Cosmas,Narrow Domain (Below Interdisciplinary Aspect Thresholds),The module aims to gain general understanding of next generation mobile communications such as Long-Term Evolution – Advanced (LTE-A) and 5th generation wireles...,0
module_8b1065a377073151,,Developing skills for practice,Department of Health Sciences,Dr Allison Wiseman,Narrow Domain (Below Interdisciplinary Aspect Thresholds),This module will prepare the foundation for students to provide nursing intervention and support for people of all ages who require nursing procedures during th...,0
module_8ba772e538121a55,SA5599,SA5599 - Guided Study Module,"Department of Social Sciences, Media and Communications",Professor Peggy Froerer,Narrow Domain (Below Interdisciplinary Aspect Thresholds),To help students to gain a critically defined knowledge of the relevant research to that key problem or question; To enable students to make a critical evaluati...,0
module_8c97502d46885ffd,EN3627,EN3627 - Author Study: Chaucer to Shakespeare,Department of Arts and Humanities,Professor Jago Morrison,Narrow Domain (Below Interdisciplinary Aspect Thresholds),"This module is an exploration of two canonical English writers, Geoffrey Chaucer and William Shakespeare. It examines a number of key texts by these two authors...",0
module_8d0bb860a0af5fab,PX3XXA,PX3XXA - Primary Source Workshop,Department of Social and Political Sciences,Professor Peter D. Thomas,Narrow Domain (Below Interdisciplinary Aspect Thresholds),"This aim of this module is to develop students’ skills in formulating findings on a selected historical topic or topics, using primary source materials. It intr...",0
module_8d30cdc30cd7d314,NURSINGPRACTICEFORPART1,Nursing Practice for Part 1,Department of Health Sciences,Dr Allison Wiseman,Narrow Domain (Below Interdisciplinary Aspect Thresholds),"This module will introduce the nursing student to the care environment, under supervision, in which the essentials of caring skills are delivered. The practice ...",0
module_8eef926bf7961072,ED5706,ED5706 - Comparative and International Education,Department of Education,Dr Giannis Stefanos Efthymiou,Narrow Domain (Below Interdisciplinary Aspect Thresholds),"The aims of this study block are to develop a critical understanding of how education systems, policies and practices are shaped across different national and c...",0
module_8f3b87d132345301,APPLIEDRESEARCH,Applied Research,Department of Health Sciences,Dr Cristina Asenjo Palma,Narrow Domain (Below Interdisciplinary Aspect Thresholds),This inter-professional module will develop the student’s ability to critically understand and conceptualise the process of research and improvement in health a...,0
module_8f4471750c003a14,SP1609,Sport Development Issues and Policy,Department of Life Sciences,Dr Laura Hills,Narrow Domain (Below Interdisciplinary Aspect Thresholds),This module aims to encourage students to identify and understand social phenomena associated with sports in contemporary society. Students are introduced to so...,0
module_8f4a369c48122568,EE5121,EE5121 - Power System Stability and Control,Department of Electronic and Computer Engineering,Dr Ahmed F. Zobaa,Narrow Domain (Below Interdisciplinary Aspect Thresholds),The main aims of this module are to develop the students ability to critically assess different theories and techniques associated with power stability and cont...,0
module_8f6cef738f72a5c7,PX2621,"PX2621 - Fascist Italy, 1919-1945: Revolution, Conflict and Collapse",Department of Social and Political Sciences,Dr Richard Hammond,Narrow Domain (Below Interdisciplinary Aspect Thresholds),"This module explores the rise and fall of Fascist Italy through political, socio-cultural, economic and military perspectives, among others.",0
module_8f9fb4fa88a8080f,LX2604,LX2604 - Land Law,Department of Social and Political Sciences,Dr Anna Tuckett,Narrow Domain (Below Interdisciplinary Aspect Thresholds),Land Law enables students to learn and critically interrogate the key concepts and operations of modern Land Law within its historical and social context. It ex...,0
module_8fc6d8733ee6cbff,SA2621,"SA2621 - Kinship, Sex and Gender","Department of Social Sciences, Media and Communications",Dr Isak Niehaus,Narrow Domain (Below Interdisciplinary Aspect Thresholds),"An introduction to some of the key social anthropological literature on kinship, gender and sexuality including universalities and particularities in the constr...",0
module_902c65e033da7e05,,EE5550 - Radio and Optical Communication Systems,Department of Electronic and Computer Engineering,Professor John Cosmas,Narrow Domain (Below Interdisciplinary Aspect Thresholds),This module aims to consider the operation of radio and optical frequency systems and their integration into global systems for effective communications.,0
module_913f338b74f7ef49,PX3626,PX3626 - Primary Source Workshop,Department of Social and Political Sciences,Dr Paul Moody,Sparse / Missing Syllabus Description,,0
module_924b042525e8dc66,SA2624,"SA2624 - Middle East: Societies, Religion and Politics","Department of Social Sciences, Media and Communications",Dr Maria Kastrinou,Narrow Domain (Below Interdisciplinary Aspect Thresholds),"This module examines a particular ethnographic region, assessing in the first instance whether these regions can usefully be considered cultural areas, and goin...",0
module_92c86f9a1e5f9e51,HUMANSEXUALDIVERSITY,Human Sexual Diversity,Department of Life Sciences,Dr Nelli Ferenczi,Narrow Domain (Below Interdisciplinary Aspect Thresholds),"This module introduces students to the psychological and biological study of sexual and gender diversity. Topics include sexual orientation, biological sex vari...",0
module_92f7101b469c805d,FM2640,FM2640 - Professional Filmmaking,Department of Arts and Humanities,Dr Paul Moody,Narrow Domain (Below Interdisciplinary Aspect Thresholds),This is a single term version of the two-term Advanced Filmmaking module. This is a single term version of the two-term Advanced Filmmaking module to be taken b...,0
module_93bb5e6430f7a523,,Introduction to English for Academic Purposes,Department of Electronic and Computer Engineering,Dr Monica Pereira,Narrow Domain (Below Interdisciplinary Aspect Thresholds),The module aims to engage you in collaborative learning and independent self-study to consolidate and improve essential subskills in order to become more confid...,0
module_94a3b90daf9be6ca,PP3621,PP3621 - Parliamentary Studies,Department of Social and Political Sciences,Professor John Roberts,Narrow Domain (Below Interdisciplinary Aspect Thresholds),"This module aims to provide students with a detailed understanding of the UK Parliament by examining its structure, internal processes, and different committees...",0
module_952d5c10d82eb180,,Enhancing Skills for Mental Health Nursing,Department of Health Sciences,Professor Ann Gallagher,Narrow Domain (Below Interdisciplinary Aspect Thresholds),This module will build on and enable students to further develop their knowledge and skills required for their role in assessing and initiating person-centred c...,0
module_959da63fa6ed3719,CE3615,CE3615 - Geotechnical Engineering,Department of Civil and Environmental Engineering,Dr Philip Collins,Narrow Domain (Below Interdisciplinary Aspect Thresholds),"This module aims to develop students’ understanding of the basic principles of seepage, consolidation and shear strength of soils. It will introduce students to...",0
module_96d91a202510f945,PP26XX,PP26XX - Plato’s Republic,Department of Social and Political Sciences,Professor Peter D. Thomas,Narrow Domain (Below Interdisciplinary Aspect Thresholds),"To explore in depth the foundational text in the history of political thought To develop an understanding of some of the main ideas, themes, images and tropes i...",0
module_96f8e0ff31a5ef24,LX2611,LX2611 - Criminal Law and Criminal Justice systems,Department of Social and Political Sciences,Dr Matthew Cracknell,Narrow Domain (Below Interdisciplinary Aspect Thresholds),This module provides students with a comprehensive understanding of key aspects of criminal law and the criminal justice system to equip you with the knowledge ...,0
module_970ceec1e3c0dde8,ED5618,ED5618 - Education Studies II,Department of Education,Dr Paula Zwozdiak-Myers,Narrow Domain (Below Interdisciplinary Aspect Thresholds),"This module aims to develop understanding of the learning, teaching and assessment of the National Curriculum for Key Stage 1 & 2, in the Core (English, Mathema...",0
module_9927ce774ef63a23,CY3611,CY3611 - Criminal Law in Context,Department of Social and Political Sciences,Dr Anamika Twyman-Ghoshal,Narrow Domain (Below Interdisciplinary Aspect Thresholds),Equipping students with a critical understanding of the socio-legal context of key aspects of the criminal law in England and Wales. These include violent and s...,0
module_997d73ea5b0680eb,,Building Heat Transfer and Air Conditioning,Department of Mechanical and Aerospace Engineering,Dr Ali Badiei,Narrow Domain (Below Interdisciplinary Aspect Thresholds),"This module aims to familiarise the students with principles of heat transfer, to develop the principles of building heat transfer, to examine the dynamic therm...",0
module_9a2888832a13a63f,LX2080,LX2080 - Law of Tort,Department of Social and Political Sciences,Dr Anna Tuckett,Narrow Domain (Below Interdisciplinary Aspect Thresholds),To familiarise students with the key principles that underpin this branch of the common law and to introduce them to the main aims of functions of tort and its ...,0
module_9a4b340a1e70eb67,,Enhancing Skills for Adult Nursing,Department of Health Sciences,Dr Mark Wareing,Narrow Domain (Below Interdisciplinary Aspect Thresholds),This module will build on and enable students to further develop their underpinning knowledge and skills required for their role in assessing and initiating per...,0
module_9a78f2eb4a8d8c01,PH5671,PH5671 - Principles of Rehabilitation,Department of Health Sciences,Dr Amanda Ager,Narrow Domain (Below Interdisciplinary Aspect Thresholds),"This module will allow students to develop knowledge of the theoretical basis of human movement, function, exercise prescription, motor learning and skill (re)a...",0
module_9c14d57adce2aa3b,DR2631,DR2631 - Acting as a Critical Practice,Department of Arts and Humanities,Dr Katerina Paramana,Narrow Domain (Below Interdisciplinary Aspect Thresholds),This module will extend your knowledge of acting by introducing realist and non‑realist approaches as critical tools for representing social realities. It also ...,0
module_9c292e80954a5300,ED2710,ED2710 - Educational Spaces,Department of Education,Dr Gwen Ineson,Narrow Domain (Below Interdisciplinary Aspect Thresholds),"This study block aims to develop an understanding of the contrasting range of education arenas – including formal, non formal and informal, to develop an unders...",0
module_9c343545872942c6,PH5643,PH5643 - Management of the Pelvic Health Patient,Department of Health Sciences,Mrs Paula Igualada-Martinez,Narrow Domain (Below Interdisciplinary Aspect Thresholds),"This module will develop the practical skills for the treatment and management of the pelvic health patient (including antenatal and postnatal care, urology, gy...",0
module_9c58ae8fc585351e,PP5618,PP5618 - Politics and Digital Cultures,Brunel Business School,Dr Billur Ozgul,Narrow Domain (Below Interdisciplinary Aspect Thresholds),"The module, in exploring the relationship between politics and digital cultures, aims to develop students’ critical knowledge and understanding of the interplay...",0
module_9c62d922aacbc255,PX2615,PX2615 - Colonialism and Decolonization in Africa,"Department of Social Sciences, Media and Communications",Dr Hannah Whittaker,Narrow Domain (Below Interdisciplinary Aspect Thresholds),"Africa is one of the most misunderstood and misrepresented regions of the modern world. More often than not, its history is presented as a long series of human ...",0
module_9d19e17de9eba9c7,EC3616,EC3616 - International Money and Finance,"Department of Economics, Finance and Accounting",Miss Dilruba Karim,Saturated / Fully Covered by Primary Lead,"This module aims to provide students with an understanding of the key issues in International Money, International Macroeconomics, and International Finance.",1
module_9d48a9d9055abd03,NURSINGPRACTICEMODULEFORPART3,Nursing Practice Module for Part 3,Department of Health Sciences,Dr Allison Wiseman,Narrow Domain (Below Interdisciplinary Aspect Thresholds),"The aim of this module is to provide opportunities for the nursing student to expand their knowledge and skills of nursing care, leadership, managing nursing ca...",0
module_9e5dfebd8f4f1afc,EC2616,EC2616 - Monetary Economics,"Department of Economics, Finance and Accounting",Dr Angeliki Theophilopoulou,Saturated / Fully Covered by Primary Lead,"The main aims of the module are to familiarise students with functions of money, interaction of money supply and demand, operations of financial intermediaries ...",1
module_9f935ddb306a6d8a,,Clinical Placement B,Department of Arts and Humanities,Dr Katerina Paramana,Narrow Domain (Below Interdisciplinary Aspect Thresholds),"This module will enable you to demonstrate an in-depth applied knowledge of the therapeutic use of dramatherapy for the assessment, recovery and treatment of he...",0
module_a1358579110d668e,CO5604,CO5604 - Media Production as Activism,"Department of Social Sciences, Media and Communications",Dr Billur Ozgul,Narrow Domain (Below Interdisciplinary Aspect Thresholds),"This module will enable students to develop a broad range of practical skills by using creative practice to respond to, critique and challenge social issues. It...",0
module_a1dd3042097406ae,LX5641,"LX5641 - Regional Systems of Human Rights Protection: Americas, Africa, Asia",Department of Social and Political Sciences,Professor Nicola Ansell,Narrow Domain (Below Interdisciplinary Aspect Thresholds),"Providing a detailed overview of the American and African human rights frameworks, as well as the emerging Asian human rights framework, allowing you to study a...",0
module_a30ce9d7f144d75f,SO2610,"SO2610 - Colonialism, Migration and Global Racism","Department of Social Sciences, Media and Communications",Dr Rohini Rai,Narrow Domain (Below Interdisciplinary Aspect Thresholds),"This module explores the concept, meaning and practices of ‘race’, ethnicity, racialization, and global racisms. It identifies how ‘race’ and racism have evolve...",0
module_a30d3b5bcc8001f2,EN3624,EN3624 - Writing Otherness: The Muslim World in Early Modern Literature,Department of Arts and Humanities,Professor Jago Morrison,Narrow Domain (Below Interdisciplinary Aspect Thresholds),"Canonical studies of Early Modern literature often ignore the central role of ethnic and religious Otherness, situating texts primarily in relation to European ...",0
module_a36ac7a32f698c5e,ED2711,ED2711 - Education in Literature and the Media,Department of Education,Dr Andrew Green,Narrow Domain (Below Interdisciplinary Aspect Thresholds),"This study block aims to demonstrate an understanding of the different ways in which writers in literary texts have represented education over time, to demonstr...",0
module_a38d4121782f8f75,FM3645,FM3645 - The Horror Film,Department of Arts and Humanities,Dr Paul Moody,Narrow Domain (Below Interdisciplinary Aspect Thresholds),This module provides students with an in-depth examination of the horror genre across both film and television. Critical frameworks and theories relevant to the...,0
module_a3e94edfb8761ed3,LX3646,"LX3646 - Families, Children and the Law",Department of Social and Political Sciences,Dr Rachel Stuart,Narrow Domain (Below Interdisciplinary Aspect Thresholds),"This module examines the law relating to the different forms of families and family relationships, the rights of children and responsibilities of parents, arran...",0
module_a6262e99ac01f306,APPLIEDRESEARCH,Applied Research,Department of Health Sciences,Professor Fiona Verity,Narrow Domain (Below Interdisciplinary Aspect Thresholds),This interprofessional module will develop the student’s ability to critically understand and conceptualise the process of research and improvement in health an...,0
module_a758c278fa300df9,CO5601,CO5601 - Media as Power,Brunel Business School,Dr Billur Ozgul,Narrow Domain (Below Interdisciplinary Aspect Thresholds),This module will enable students to analyse and understand the concept of power in relationship to the role of the media in contemporary society. It will examin...,0
module_a80e381d93b52d4d,CM56BB,CM56BB - Mandatory Training Year 2,Department of Health Sciences,Miss Alex Harvey,Sparse / Missing Syllabus Description,,0
module_a86e40e9a277dea6,OT5607,OT5607 - Enabling Occupation and Advancing Practice 2: Working with Adults of Working Age,Department of Health Sciences,Ms Tai Frater,Narrow Domain (Below Interdisciplinary Aspect Thresholds),"This is the second of three modules that aim to examine how occupational therapists work with people throughout the life cycle, here with adults of working age....",0
module_a92b298a04483aff,PH1601,PH1601 - Principles of Rehabilitation,Department of Health Sciences,Dr Mahsa Kheirollahzadeh,Narrow Domain (Below Interdisciplinary Aspect Thresholds),"This module will allow students to develop knowledge of the theoretical basis of human movement, function, exercise prescription, motor learning and skill (re)a...",0
module_a93b6aa36d3738bf,SA2622,"SA2622 - Culture, Education and Learning","Department of Social Sciences, Media and Communications",Professor Peggy Froerer,Narrow Domain (Below Interdisciplinary Aspect Thresholds),"This module explores key theoretical issues in the cross‑cultural study of education , examining how culture shapes learning and how educational practices, in t...",0
module_a98985a151b787a0,DR16DD,DR16dd - Making Theatre,Department of Arts and Humanities,Dr Katerina Paramana,Narrow Domain (Below Interdisciplinary Aspect Thresholds),"This module emphasises the creative making process rather than the finished theatre product. Sessions will introduce theatre-making tools, inviting you to devel...",0
module_aa1918c16b435efe,ED2707,ED2707 - The Social Study of Children and Young People,Department of Education,Dr Lewis Fogarty,Narrow Domain (Below Interdisciplinary Aspect Thresholds),This study block focuses on the social study of childhood and aims to enable students to demonstrate an understanding of the contribution of sociological framew...,0
module_aa8e2744f50d7d2e,TB,Quality Management and Reliability,Department of Mechanical and Aerospace Engineering,Dr Moschos Papananias,Narrow Domain (Below Interdisciplinary Aspect Thresholds),This module aims to provide an in-depth understanding of the principles of modern quality assurance which underpin the discipline and their applications in engi...,0
module_ab1a85bfc368fa47,LX1605,LX1605 - Contract Law and Civil Justice Systems,Department of Social and Political Sciences,Dr Anna Tuckett,Narrow Domain (Below Interdisciplinary Aspect Thresholds),This study block aims to explain: Legal principles applicable to legally binding agreements between parties and the effects of any defects in their formation or...,0
module_ab3277c93957becf,,Skills for Registration,Department of Health Sciences,Dr Allison Wiseman,Narrow Domain (Below Interdisciplinary Aspect Thresholds),This module aims to equip students with the knowledge and skills required for their role in providing and evaluating person-centred care. This module will prepa...,0
module_ab67a2dbaabc4ea5,,Performing Resilience,Department of Arts and Humanities,Dr Stuart Andrews,Narrow Domain (Below Interdisciplinary Aspect Thresholds),"This module engages students in the practice of resilience through the investigation of connections between ideas, practices and policies with the performance o...",0
module_ac26b972973ad9e8,GC2600,GC2600 - Responses to Global Challenges,Department of Social and Political Sciences,Professor Nicola Ansell,Narrow Domain (Below Interdisciplinary Aspect Thresholds),"The module cultivates a critical understanding of the ways in which responses to global challenges are organised, and prepares students with the knowledge, skil...",0
module_ac36cf97c61229bd,PH2607,PH2607 - Neurorehabilitation,Department of Health Sciences,Dr Amanda Ager,Narrow Domain (Below Interdisciplinary Aspect Thresholds),"This module aims to provide the student with the opportunity to develop neurological physiotherapy assessment and treatment skills, and clinical reasoning and e...",0
module_ace50a478020625a,,Electrical Services and Lighting Design,Department of Mechanical and Aerospace Engineering,Professor Maria Kolokotroni,Narrow Domain (Below Interdisciplinary Aspect Thresholds),"This module aims to provide the essential appreciation and understanding of electrical services design in building services applications, with particular refere...",0
module_ad42886d1e28cc75,,Literature and History,Department of Arts and Humanities,Professor Jago Morrison,Narrow Domain (Below Interdisciplinary Aspect Thresholds),It is true that our degree is rooted in the present and often looks to the future. But it would be a mistake to think that literature’s historical origins of li...,0
module_ad73196d0b736e47,FM3649,FM3649 - Movies and Migration,Department of Arts and Humanities,Dr Jon Hackett,Narrow Domain (Below Interdisciplinary Aspect Thresholds),"Films are border-crossing entities. From the early days of cinema, films, cast and crew have travelled internationally to find audiences and sometimes, to flee ...",0
module_af2b2fd7cfd2a3fe,EN3623,"EN3623 - Literature, Gender, Sexuality: The Women's Movement",Department of Arts and Humanities,Dr Kate Houlden,Narrow Domain (Below Interdisciplinary Aspect Thresholds),"Brunel English has been a leader in feminist theory since its formation over 25 years ago. The Women’s Movement is a defining modern social undertaking, a radic...",0
module_afd1265eb4466d23,0,"Reproduction, Growth & Ageing",Brunel Medical School,Unassigned Lead,Sparse / Missing Syllabus Description,,0
module_b0052ca67668e0fb,SA3615,SA3615 - War and Humanitarianism,"Department of Social Sciences, Media and Communications",Dr Isak Niehaus,Narrow Domain (Below Interdisciplinary Aspect Thresholds),This module aims to provide students with a critical understanding of the main themes in the anthropology of war and humanitarian assistance. These include the ...,0
module_b099423c96174a97,,Research Methods (1),Department of Health Sciences,Dr Allison Wiseman,Narrow Domain (Below Interdisciplinary Aspect Thresholds),"This module is designed to enable students to develop an ability to reflect on their practice and keep abreast of new and emerging developments in nursing, heal...",0
module_b1699bd8f56f5a22,LX5637,LX5637 - Multiculturalism and Human Rights,Department of Social and Political Sciences,Dr Peter Wilkin,Narrow Domain (Below Interdisciplinary Aspect Thresholds),"Multiculturalism and Human Rights grapples with the various human rights issues, debates and dilemmas present in multicultural societies. It introduces students...",0
module_b2b4c1f482119c50,SA5636,"SA5636 - Culture, Education and Learning","Department of Social Sciences, Media and Communications",Professor Peggy Froerer,Narrow Domain (Below Interdisciplinary Aspect Thresholds),"To provide students with a broad appreciation of the key issues in cross-cultural perspectives on education and learning, an understanding, ethnographically and...",0
module_b359e3d939a98480,,Professionalism and the Developing Occupational Therapist 4: Leadership and Entrepreneurial Practice,Department of Health Sciences,Ms Tai Frater,Narrow Domain (Below Interdisciplinary Aspect Thresholds),"This study block aims to provide students with preparation for practice as qualified health professionals, through further development of understanding of profe...",0
module_b37ee9d5a521f974,JR5622,"JR5622 - Fake News, Images and Websites","Department of Social Sciences, Media and Communications",Dr Billur Ozgul,Narrow Domain (Below Interdisciplinary Aspect Thresholds),The module aims to provide postgraduate students with a critical knowledge and understanding of how different disciplines have sought to make sense of political...,0
module_b3ce53acf1a03ff1,,English for Engineering,Department of Electronic and Computer Engineering,Dr Monica Pereira,Narrow Domain (Below Interdisciplinary Aspect Thresholds),This module is designed to develop learners' English level in all 4 skills from IELTS 5.0 to IELTS 5.5 or equivalent.,0
module_b428fa0ddf29222c,EE2654,EE2654 - Electronic Systems,Department of Electronic and Computer Engineering,Professor John Cosmas,Narrow Domain (Below Interdisciplinary Aspect Thresholds),The module aims to provide an appreciation and understanding of the theory and operation of electronic circuit design with consideration to single and multi-dev...,0
module_b42b2a90ad7c41cb,LX5644,LX5644 - Trade Marks and Allied Rights,Department of Social and Political Sciences,Dr Alison Carrol,Narrow Domain (Below Interdisciplinary Aspect Thresholds),This module will prepare you for the challenges they will face when they enter practice as it will cover all major practical knowledge needed in a competitive I...,0
module_b44182c648250301,JR1XXX,Newspaper Practice,Department of Social and Political Sciences,Dr Billur Ozgul,Narrow Domain (Below Interdisciplinary Aspect Thresholds),"The Hillingdon Herald is at the centre of journalism education at Brunel. The newspaper is not only a community-focused publication, it also empowers students t...",0
module_b44df0222f1540d7,SW5627,SW5627 Becoming a Social Worker,Department of Health Sciences,Dr Yohai Hakak,Narrow Domain (Below Interdisciplinary Aspect Thresholds),"This module prepares students to understand the profession’s ethical principles and recognise the impact of own values in professional practice. Thus, the abili...",0
module_b60faa5f7e72991f,SO3615,SO3615 - Global Migration,"Department of Social Sciences, Media and Communications",Dr Rohini Rai,Narrow Domain (Below Interdisciplinary Aspect Thresholds),"Equips students with an understanding of the key concepts in global migration including the causes and consequences of migration, national and international res...",0
module_b661a5043608dced,ED1709,ED1709 - Understanding Concepts in Education,Department of Education,Dr Gwen Ineson,Narrow Domain (Below Interdisciplinary Aspect Thresholds),This study block aims to enable students to develop an ability to reflect critically on some of the more important theories and contributions to an understandin...,0
module_b696ceec20d7ef9a,,Reviewing the Literature to Inform Practice,Department of Health Sciences,Dr Allison Wiseman,Narrow Domain (Below Interdisciplinary Aspect Thresholds),This module will enable students to critically appraise different types of evidence in field-specific areas of health and social care. It will aim to develop st...,0
module_b69c5a43e8725510,LX3657,LX3657 - Sentencing & Penology,Department of Social and Political Sciences,Dr Matthew Cracknell,Narrow Domain (Below Interdisciplinary Aspect Thresholds),To provide an integrated examination of the theory and practice of sentencing and punishment. This aim will entail: a consideration of the philosophical and the...,0
module_b8e4b1d91a879ccc,,Advanced Vehicle Propulsion Technologies and Systems,Department of Mechanical and Aerospace Engineering,Professor Thanos Megaritis,Narrow Domain (Below Interdisciplinary Aspect Thresholds),"Main aims: To provide an overview of the state-of-art automotive vehicle powertrain technologies and systems, the legislated CO 2 and pollutant emission regulat...",0
module_b9ec71ca37d1fe77,0,Clinical Practice and Community Care,Brunel Medical School,Unassigned Lead,Sparse / Missing Syllabus Description,,0
module_bb019590d0b44f61,,Chemical Engineering Research Project,Department of Mechanical and Aerospace Engineering,Dr Jun Xia,Narrow Domain (Below Interdisciplinary Aspect Thresholds),"The research project will allow students to demonstrate their knowledge, skills and understanding acquired during the chemical engineering programme within the ...",0
module_bbabf6e916b62eeb,TB,EE5521 - Power System Stability and Control,Department of Electronic and Computer Engineering,Dr Ahmed F. Zobaa,Narrow Domain (Below Interdisciplinary Aspect Thresholds),The main aims of this module are to develop the students ability to critically assess different theories and techniques associated with power stability and cont...,0
module_bbf34bfc14601950,PH5677,PH5677 - Mandatory Training,Department of Health Sciences,Miss Alex Harvey,Narrow Domain (Below Interdisciplinary Aspect Thresholds),This is a core module for all students undertaking the programme. This module is designed to equip you with all the essential skills you will need when you go o...,0
module_bc142fb2072f5c2f,PY36XXB,Ageing and Dementia,Department of Life Sciences,Dr Andre J. Szameitat,Saturated / Fully Covered by Primary Lead,To provide a view of neurological ageing and of the main forms of neurodegenerative cognitive impairment that is based on the most up-to-date clinical research ...,1
module_bcb31c8c970f82ee,CY3612,"CY3612 - Drugs, Crime and Criminal Justice","Department of Social Sciences, Media and Communications",Dr Matthew Cracknell,Narrow Domain (Below Interdisciplinary Aspect Thresholds),"This module aims to examine historical and current debates concerning the criminalisation of various drugs, including cannabis, heroin, khat, spice. The crimina...",0
module_bcf75a122e63bf0f,TB,Advanced Materials and Manufacturing,Department of Mechanical and Aerospace Engineering,Dr Nithin Amirth Jayasree,Narrow Domain (Below Interdisciplinary Aspect Thresholds),Main aims: To provide a comprehensive understanding of properties of various types of materials choices for lightweight and high-performance structural design. ...,0
module_be25796c7e4de4b0,SO2609,"SO2609 - Gender, Sexuality and Feminism","Department of Social Sciences, Media and Communications",Dr Sara De Benedictis,Narrow Domain (Below Interdisciplinary Aspect Thresholds),This module will introduce students to core ideas in feminism via the key concepts of gender and sexuality. It will develop students’ understandings of social s...,0
module_be7157f3d75bc7d1,,Research Methods (2),Department of Health Sciences,Dr Mark Wareing,Narrow Domain (Below Interdisciplinary Aspect Thresholds),"This module will enable students to understand how evidence is generated, why it is generated and how it influences nursing practice. It will develop an underst...",0
module_be9718f39490d3f0,HUMANSEXUALDIVERSITY,Human Sexual Diversity,Department of Life Sciences,Dr Nelli Ferenczi,Narrow Domain (Below Interdisciplinary Aspect Thresholds),"This module introduces students to the psychological and biological study of sexual and gender diversity. Topics include sexual orientation, biological sex vari...",0
module_beec2c55d79a56d4,,Military History and Strategic Thought from the Ancients to the Present,Department of Arts and Humanities,Dr Iain Farquharson,Narrow Domain (Below Interdisciplinary Aspect Thresholds),This module examines how war has affected the world and the various factors affecting the development of war from the classical period to the present. It provid...,0
module_bf2acb8a5a7c91ae,ENHANCINGSKILLSFORNURSINGPRACTICE(MENTALHEALTH),Enhancing Skills for Nursing Practice (Mental Health),Department of Health Sciences,Dr Mark Wareing,Narrow Domain (Below Interdisciplinary Aspect Thresholds),This module will build on and enable the nursing student to further develop their knowledge and clinical skills set. This will involve building upon knowledge a...,0
module_bf31322355ff1541,CW5601,CW5601 - Elements of Fiction,Department of Arts and Humanities,Professor Jago Morrison,Narrow Domain (Below Interdisciplinary Aspect Thresholds),In this module students will analyse and explore the different elements of fiction. The module aims to enable students to: analyse a wide variety of contemporar...,0
module_bf719cfb7c4834d2,SA2626,SA2626 - Qualitative Research in Professional Practice,"Department of Social Sciences, Media and Communications",Dr Magali Peyrefitte,Narrow Domain (Below Interdisciplinary Aspect Thresholds),The module provides training in how to conduct a research project in preparation for a qualitative dissertation in the social sciences. Throughout the module st...,0
module_bfea289d54d56814,FM3651,FM3651 - Movies and Migration,Department of Arts and Humanities,Dr Jon Hackett,Narrow Domain (Below Interdisciplinary Aspect Thresholds),"This modular block introduces students to diverse film and documentary representations of migration and related phenomena, while situating these texts within ke...",0
module_c0737276e293b38d,CM56AA,CM56AA - Mandatory Training Year 1,Department of Health Sciences,Miss Alex Harvey,Sparse / Missing Syllabus Description,,0
module_c0a61f03803a9da4,EN3621,EN3621 - English Special Project,Department of Arts and Humanities,Professor Jago Morrison,Narrow Domain (Below Interdisciplinary Aspect Thresholds),"This module asks you to produce a 10,000‑word extended piece of work - a 500‑word plan followed by a 9,500‑word dissertation - where you carry out independent r...",0
module_c0b312a2f17d4158,CE2619,CE2619 - Fluid Mechanics and Hydraulics,Department of Civil and Environmental Engineering,Dr Abiy S. Kebede,Narrow Domain (Below Interdisciplinary Aspect Thresholds),"Aims: To deepen students’ understanding of engineering fluid mechanics, hydraulics and hydrological processes; to enable students to apply these concepts to rel...",0
module_c0cd61ddb41fba63,APPLIEDRESEARCH,Applied Research,Department of Health Sciences,Dr Cristina Asenjo Palma,Narrow Domain (Below Interdisciplinary Aspect Thresholds),This inter-professional module will develop the student’s ability to critically understand and conceptualise the process of research and improvement in health a...,0
module_c0f9ab9486c4076f,PP3629,PP3629 - European Union Politics: Problems and Prospects,"Department of Social Sciences, Media and Communications",Dr Katja Sarmiento-Mirwaldt,Narrow Domain (Below Interdisciplinary Aspect Thresholds),In this module students will discuss the development and functioning of the EU from its inception to the present day and be introduced to and learn to evaluate ...,0
module_c118b133676f5ea1,NURSINGPRACTICEMODULEFORPART2,Nursing Practice Module for Part 2,Department of Health Sciences,Dr Allison Wiseman,Narrow Domain (Below Interdisciplinary Aspect Thresholds),This module builds upon the knowledge and skills learnt in practice in part 1 and part 2 of the theory and skills module. It will enable the nursing student to ...,0
module_c17c34b91533270a,SO2614,SO2614 - Sociology of Everyday Life: Issues in Contemporary Culture,"Department of Social Sciences, Media and Communications",Professor John Roberts,Narrow Domain (Below Interdisciplinary Aspect Thresholds),"In this module you will consider the meanings of ordinary, ‘everyday’ processes and actions in society, by examining what everyday life consists of and the rele...",0
module_c2a95a6edcafb434,PX3615,PX3615 - Slavery and Abolition,Department of Social and Political Sciences,Dr Inge Dornan,Narrow Domain (Below Interdisciplinary Aspect Thresholds),"This module examines the evolution and expansion of the transatlantic slave trade, exploring the motives and wider forces that shaped the development of Atlanti...",0
module_c3d33e482b08334b,EN3621,EN3621 - English Special Project,Department of Arts and Humanities,Dr Thaleia Deniozou,Narrow Domain (Below Interdisciplinary Aspect Thresholds),"The English Special Project offers third year students a crucial opportunity to undertake extended independent research, developing their critical and creative ...",0
module_c40437bf2c1f1cef,ED5704,ED5704 - Disciplines in Education,Department of Education,Dr Saima Salehjee,Narrow Domain (Below Interdisciplinary Aspect Thresholds),"The aims of this study block are to understand the major disciplines underpinning the study of education, with a particular focus on the philosophy, history, so...",0
module_c4213c74fe9e9e24,CW5XXX,CW5XXX - How to Write a Novel,Department of Arts and Humanities,Professor Jago Morrison,Sparse / Missing Syllabus Description,,0
module_c48f86979c3040b4,,Structural Dynamics and Seismic Design,Department of Civil and Environmental Engineering,Dr Esmaeel Esmaeeli,Narrow Domain (Below Interdisciplinary Aspect Thresholds),"This module aims to enhance the student’s perception on the dynamic behaviour of deformable bodies, to further develop the student’s knowledge on structural mec...",0
module_c53113227eb67395,LX5553,"LX5553 - The Migrant, The State and the Law",Department of Social and Political Sciences,Dr Anna Tuckett,Narrow Domain (Below Interdisciplinary Aspect Thresholds),This module aims to provide a critical and theoretical overview of the central features of migration and refugee law and policy. You will assess the legal and p...,0
module_c61b9211bf8bb008,,Advanced Vehicle Dynamics and Advanced CAD,Department of Mechanical and Aerospace Engineering,Dr Dong Zhang,Narrow Domain (Below Interdisciplinary Aspect Thresholds),Main aims: To enable students to model and analyse complex dynamics of automotive vehicles. To introduce students to the applications and challenges of vehicle ...,0
module_c634f61eda364a76,ED5619,ED5619 - Education Studies III,Department of Education,Dr Sarmin Hossain,Narrow Domain (Below Interdisciplinary Aspect Thresholds),"Examples of Curriculum Enhancements that have previously been on offer have been in relation to Bilingualism, Culture and Identities (BCI), Mathematics, Mathema...",0
module_c63b025383ef9872,,Further English Training,Department of Electronic and Computer Engineering,Dr Monica Pereira,Narrow Domain (Below Interdisciplinary Aspect Thresholds),The module aims to develop your English level in all 4 skills to B2/IELTS 5.5 or equivalent.,0
module_c6c486180ee47c35,,Writing and Difference,Department of Arts and Humanities,Professor Jago Morrison,Narrow Domain (Below Interdisciplinary Aspect Thresholds),Identity and difference have become two of the most important cultural and political terms in our fractured present. It seems these days that our identities are...,0
module_c7913b856a4e287f,,Advanced Materials and Manufacturing,Department of Mechanical and Aerospace Engineering,Dr Nithin Amirth Jayasree,Narrow Domain (Below Interdisciplinary Aspect Thresholds),This module aims to provide a comprehensive understanding of properties of various types of materials used in vehicles and materials choices for lightweight and...,0
module_c7bf4d4ff7e06f3f,SA5635,SA5635 - Ethnographic Research,"Department of Social Sciences, Media and Communications",Dr Luke Heslop,Narrow Domain (Below Interdisciplinary Aspect Thresholds),To introduce students to the methods employed by anthropologists when undertaking ethnographic research and to prepare students for the field research on which ...,0
module_c7da21dabdcf47f7,SC3602,SC3602 - Advanced Research Skills for Social and Political Sciences,"Department of Social Sciences, Media and Communications",Professor Nicola Ansell,Narrow Domain (Below Interdisciplinary Aspect Thresholds),"This module introduces you to the research and writing process for your dissertation or Major Final Project, helping you build the reading, writing and analytic...",0
module_c8591ef3d72c3392,PP2627,PP2627 - Issues in American Politics,"Department of Social Sciences, Media and Communications",Dr Victor Jatula,Narrow Domain (Below Interdisciplinary Aspect Thresholds),This module aims to familiarise students with contemporary issues on the American political agenda and to demonstrate the ways in which politicians adapt policy...,0
module_c9cd18d1311d3b8f,FM5608,Public Relations and Propaganda,"Department of Social Sciences, Media and Communications",Dr Billur Ozgul,Narrow Domain (Below Interdisciplinary Aspect Thresholds),"This module explores how public relations emerged as part of the burgeoning propaganda industry in the early part of the twentieth century and how even today, p...",0
module_cc316ec11b03dbfa,,Evidence Based Practice & Research 1,Department of Health Sciences,Ms Tai Frater,Narrow Domain (Below Interdisciplinary Aspect Thresholds),The module aims to enable students to begin to use occupational therapy skills and engage in the realities of a practice setting under the supervision of a prac...,0
module_cd229f51ade9f1f9,MA1631,MA1631 - Linear Algebra,Department of Mathematics,Dr Anne-Sophie Kaloghiros,Narrow Domain (Below Interdisciplinary Aspect Thresholds),"This module aims to enable students to understand and become proficient in basic linear algebra and the algebra of complex numbers, to determine the eigenvalues...",0
module_cd4269d8c65c3fdf,SP3622,SP3622 - Critical Issues in Sport,Department of Life Sciences,Miss Sara Horne,Sparse / Missing Syllabus Description,,0
module_cd572146dd34ff85,FM2631,FM2631 - Critical Perspectives,Department of Arts and Humanities,Dr Paul Moody,Narrow Domain (Below Interdisciplinary Aspect Thresholds),This module uses classic and more recent critical frameworks in film studies to provide readings and interpretations of film and television. Influential theorie...,0
module_cd5f07ea68cd6354,ME5696,ME5696 - Principles of Heat Transfer,Department of Mechanical and Aerospace Engineering,Professor Tassos Karayiannis,Narrow Domain (Below Interdisciplinary Aspect Thresholds),To demonstrate comprehensive knowledge and understanding of the advanced theory and practical concepts of single and two-phase heat transfer. To demonstrate com...,0
module_d09730d88b73fdae,MS1707,"Hormones, Regulation and Excretion",Brunel Medical School,Unassigned Lead,Sparse / Missing Syllabus Description,,0
module_d1a139f011fadaeb,CO3619,CO3619 - Political Satires & Comedy,"Department of Social Sciences, Media and Communications",Dr Simon Weaver,Narrow Domain (Below Interdisciplinary Aspect Thresholds),"This module provides students with a sophisticated and critical knowledge and understanding of the relationships between politics, satire and comedy. These rela...",0
module_d2e39193d8faa4be,FM2641,FM2641 - Alternative Film and Video Practices,Department of Arts and Humanities,Dr Paul Moody,Narrow Domain (Below Interdisciplinary Aspect Thresholds),"If you are interested in alternative or more experimental approaches to filmmaking, then this module is for you. Exploring a range of examples from distinct per...",0
module_d32108cd26aa298d,PX2613,PX2613 - Historians and their Craft,Department of Social and Political Sciences,Dr Will Rollason,Narrow Domain (Below Interdisciplinary Aspect Thresholds),This module will bridge between the Level 1 module ‘What is History?’ and the Level 3 Dissertation by introducing students to some of the methodological and the...,0
module_d3ec43143bab1460,CY3609,CY3609 - Psychosocial Perspectives on Crime and Violence,"Department of Social Sciences, Media and Communications",Dr Anamika Twyman-Ghoshal,Narrow Domain (Below Interdisciplinary Aspect Thresholds),An interdisciplinary module which explores the psychosocial underpinnings of crime and violence in the contemporary world. It offers students the opportunity to...,0
module_d40051d13205ae33,CS5704,Research Project Management,Department of Computer Science,Dr Steven Sam,Narrow Domain (Below Interdisciplinary Aspect Thresholds),This module aims to develop and deploy the skills necessary to design a scholarly piece of research work to address an identified problem area within the chosen...,0
module_d4b0a1ddf4855574,JR307,Journalism Practice Project & Portfolio,"Department of Social Sciences, Media and Communications",Dr Magali Peyrefitte,Narrow Domain (Below Interdisciplinary Aspect Thresholds),The practice project aims to extend students’ understanding of journalism practice and principles through the planning and execution of a mini-portfolio that ai...,0
module_d5990dcb2ffbe0be,ED3702,ED3702 - Educational Work Placements 3,Department of Education,Dr Paula Zwozdiak-Myers,Narrow Domain (Below Interdisciplinary Aspect Thresholds),"This study block aims to provide an opportunity to apply and transfer knowledge between education research theory and practice, to apply these disciplines withi...",0
module_d5f5807281f3e518,,EE5626 - Advanced Electronic and Electrical Engineering Group Project,Department of Electronic and Computer Engineering,Dr Ioana Pisica,Sparse / Missing Syllabus Description,,0
module_d62424679a1371d9,MG5596,MG5596 - Strategic Management,Brunel Business School,Dr Amir Ashrafi,Saturated / Fully Covered by Primary Lead,"During this module, students will discover the issues and challenges that confront managers responsible for strategic management in potentially complex, hostile...",1
module_d6a92df053625a1b,SA5623,SA5623 - Understanding Childhood and Youth,"Department of Social Sciences, Media and Communications",Professor Peggy Froerer,Narrow Domain (Below Interdisciplinary Aspect Thresholds),"This module will introduce you to the study of childhood and youth as they are constructed and practiced in different social, cultural and economic settings. Th...",0
module_d6f8eb4f4fccf728,CY5605,CY5605 - Relational and Restorative Practices,Department of Social and Political Sciences,Professor Peggy Froerer,Narrow Domain (Below Interdisciplinary Aspect Thresholds),"This module examines the conception, application, and practice of Relational and Restorative Practices (RRP) and Restorative Justice (RJ) in the criminal justic...",0
module_d714b3d3f2813d18,ENHANCINGSKILLSFORNURSINGPRACTICE(CHILD),Enhancing Skills for Nursing Practice (Child),Department of Health Sciences,Dr Mark Wareing,Narrow Domain (Below Interdisciplinary Aspect Thresholds),This module will build on and enable the nursing student to further develop their knowledge and clinical skills set. This will involve building upon knowledge a...,0
module_d7de8f3068b7b9b8,SP36GG,The Application of Sport Science to Coaching: Working with Teams,Department of Life Sciences,Dr Rich Mullen,Narrow Domain (Below Interdisciplinary Aspect Thresholds),This module aims to develop an understanding of effective team coaching and enhance awareness of the multidisciplinary nature of contemporary sports coaching. S...,0
module_d832a7ba4c5df1e9,DR3628,DR3628 - Acting 3: Advanced Acting,Department of Arts and Humanities,Dr Emily Baines,Narrow Domain (Below Interdisciplinary Aspect Thresholds),"Advance your acting skills to a professional level. Elevate your acting in this performance-focused module. Intensive workshops, rehearsals, and theatre product...",0
module_d8fe486771ed8e8b,CY36XX,"CY36XX - Housing, Harm and Inequality","Department of Social Sciences, Media and Communications",Dr Magali Peyrefitte,Narrow Domain (Below Interdisciplinary Aspect Thresholds),"The module introduces students to a number of questions concerning notions of home and housing in contemporary society, and how sociologists and criminologists ...",0
module_d93b5299ad38ce1f,LX5AAA,LX5AAA - Alternative Dispute Resolution,Brunel Law School,Dr Filip Balcerzak,Narrow Domain (Below Interdisciplinary Aspect Thresholds),"The module is designed to provide students with an understanding of the key concepts of Alternative Dispute Resolution (“ ADR ”) types, i.e. arbitration, mediat...",0
module_d9e62ee543dfce09,JR5622,"JR5622 - Fake News, Images and Websites","Department of Social Sciences, Media and Communications",Dr Billur Ozgul,Narrow Domain (Below Interdisciplinary Aspect Thresholds),"In this module you will critically engage with historical and contemporary debates about political hoaxes, fake news, images, videos and websites. The academic ...",0
module_da94be3fc1e45ec6,PP5619,PP5619 - Researching Social and Political Sciences,"Department of Social Sciences, Media and Communications",Dr Billur Ozgul,Narrow Domain (Below Interdisciplinary Aspect Thresholds),This module aims to provide a critical overview of some key methods appropriate to the field of researching political communications and suitable for Student di...,0
module_daef3fbbc1e6df59,EC2618,EC2618 - Intermediate Macroeconomics,"Department of Economics, Finance and Accounting",Miss Dilruba Karim,Saturated / Fully Covered by Primary Lead,"The main aims of the module are to: Familiarise students with the assumptions, operation and predictions of the principal macroeconomic models. Identify the rol...",1
module_db0b73dcd3884410,PH5625,PH5625 - Contemporary Theory and Clinical Application in Musculoskeletal Practice: The Lower Quadrant,Department of Health Sciences,Dr Amanda Ager,Narrow Domain (Below Interdisciplinary Aspect Thresholds),"This module aims to develop advanced critical understanding of the current theory and science of current lower quadrant musculoskeletal practice, and to develop...",0
module_db5d2e0930616ae6,EN2612,EN2612 - Genre Fiction,Department of Arts and Humanities,Professor Jago Morrison,Narrow Domain (Below Interdisciplinary Aspect Thresholds),"If you’re a fan of genre fiction – Detective, Gothic, Science Fiction, Fantasy, and all things in between – then this module is for you! Besides gaining an unde...",0
module_dd1fdefeab9440d8,,Nursing Practice Module for Year 3,Department of Health Sciences,Dr Allison Wiseman,Narrow Domain (Below Interdisciplinary Aspect Thresholds),"The student will work within their role as a team member, and develop knowledge and skills enabling them to meet the NMC learning outcomes. The practice placeme...",0
module_dd83ea8887ae96a2,CW3605,CW3605 - Fiction III,Department of Arts and Humanities,Professor Jago Morrison,Narrow Domain (Below Interdisciplinary Aspect Thresholds),"This module is designed to provide students with a comprehensive background in all aspects of contemporary fiction writing, from creative practice to publishing...",0
module_de6979a6bde36b1b,SC36XX,SC36XX - Major Final Project,"Department of Social Sciences, Media and Communications",Dr Nibedita Mukherjee,Narrow Domain (Below Interdisciplinary Aspect Thresholds),"To develop students’ abilities to plan, design and execute a practice-based research project in the subject area of their degree programme, to communicate their...",0
module_e1d21012091f5c39,CE5642,CE5642 - Advanced Construction Materials and Building Retrofitting Technology,Department of Civil and Environmental Engineering,Dr Muhammad Shafique,Saturated / Fully Covered by Primary Lead,"To further broaden and deepen of students’ knowledge of the range of advanced construction materials; low carbon, low energy and low environmental impact constr...",1
module_e43fc6b85d68a456,DR3EEE,DR3EEE - Performing the Now,Department of Arts and Humanities,Dr Emily Baines,Narrow Domain (Below Interdisciplinary Aspect Thresholds),"This module gives you the chance to explore a recent or emerging area of arts research in depth, surveying existing and new work and developing your own informe...",0
module_e452bd2d61ae8e1b,SC3602,SC3602 - Advanced Research Skills for History,"Department of Social Sciences, Media and Communications",Dr Alison Carrol,Narrow Domain (Below Interdisciplinary Aspect Thresholds),"To introduce and guide students on the research and writing process for dissertations or Major Final Projects To support students to develop their reading, writ...",0
module_e524b67112c70457,PH5648,PH5648 - Science of Rehabilitation and Movement,Department of Health Sciences,Dr Dominic Orth,Narrow Domain (Below Interdisciplinary Aspect Thresholds),This module examines the science underpinning effective rehabilitation and exercise prescription. There will be a focus on the science of strength and condition...,0
module_e6d54e45aa23a084,,Algebra A,"Department of Economics, Finance and Accounting",Unassigned Lead,Sparse / Missing Syllabus Description,,0
module_e777581f54457835,CL5611,CL5611 - Process Design and Safety,Department of Chemical Engineering,Dr Bertrand Delpech,Narrow Domain (Below Interdisciplinary Aspect Thresholds),"The aim of this module is to equip students with the tools necessary to comprehensively design, analyse and synthesise detailed chemical processes and to enable...",0
module_e7a893732ebc079d,,Power Generation from Renewable Energy,Department of Mechanical and Aerospace Engineering,Professor Harjit Singh,Narrow Domain (Below Interdisciplinary Aspect Thresholds),This module aims to provide the knowledge and understanding of the principles of electrical services design and power distribution with an emphasis on local ene...,0
module_e815c7ba9776b7aa,MU36X2,MU36X2 - Musicology 3: Cultures through Time,Department of Arts and Humanities,Dr Andra Ivanescu,Narrow Domain (Below Interdisciplinary Aspect Thresholds),"This module explores how music and culture shape one another across historical, political and global contexts, examining how identities - including race, gender...",0
module_e8eb509cc5253f94,GD2608,GD2608 - Games Development 2: Methodologies and Practices,"Department of Social Sciences, Media and Communications",Professor Monica Degen,Sparse / Missing Syllabus Description,,0
module_e97a76358a1299b2,EN1608,EN1608 - Literature and History,Department of Arts and Humanities,Professor Jago Morrison,Narrow Domain (Below Interdisciplinary Aspect Thresholds),"The purpose of this module is to study selected texts in light of their historical, political, cultural, religious, and other contexts. Through the study of a s...",0
module_ea638cdf2f4c9bb8,TB,Design of Fluid Services and Heat Transfer Equipment,Department of Mechanical and Aerospace Engineering,Professor Tassos Karayiannis,Narrow Domain (Below Interdisciplinary Aspect Thresholds),"This module aims to introduce the principles and concepts underpinning the movement of fluids and the transfer of heat in building service equipment, and to dev...",0
module_eabf5896d170ddd9,EN1606,EN1606 - The Reader’s Toolkit,Department of Arts and Humanities,Dr Stuart Andrews,Narrow Domain (Below Interdisciplinary Aspect Thresholds),"Most people take reading for granted, but active, well-informed, interpretative and critical reading is a highly advanced skill. And with the rise of AI and dis...",0
module_ead23f9caced80a6,SKILLSFORREGISTRATION(ADULT),Skills for Registration (Adult),Department of Health Sciences,Professor Ann Gallagher,Narrow Domain (Below Interdisciplinary Aspect Thresholds),This module will prepare students to demonstrate the ability to provide nursing intervention and support for people who require nursing procedures during the pr...,0
module_eae144a40128783c,JR5629,"JR5629 - News, Features and Review","Department of Social Sciences, Media and Communications",Professor Sarita Malik,Sparse / Missing Syllabus Description,,0
module_eb43ff43774753f3,,Nursing Practice Module for Year 2,Department of Health Sciences,Dr Allison Wiseman,Narrow Domain (Below Interdisciplinary Aspect Thresholds),This module is supported by the Pan London Practice Assessment Document (PLPAD) which is designed to support and guide students towards successfully achieving t...,0
module_eca729757ce7f5fa,PH5697,PH5697 - The Fundamentals of Musculoskeletal Ultrasound in the Foot and Ankle,Department of Health Sciences,Mr Arturo Lawson,Narrow Domain (Below Interdisciplinary Aspect Thresholds),The aim of this module is to provide students with a scientific and evidence based approach to the physics and instrumentation of ultrasound of the foot and ank...,0
module_ed2081bca690cb53,EN1609,EN1609 - Writing and Difference,Department of Arts and Humanities,Professor Jago Morrison,Narrow Domain (Below Interdisciplinary Aspect Thresholds),This modular block introduces key critical and cultural concepts in modern literary studies and gives students the opportunity to deepen their understanding of ...,0
module_ed66ac806ee760bf,,Pedagogy and Policy in Sport and Physical Education,Department of Life Sciences,Dr Laura Hills,Narrow Domain (Below Interdisciplinary Aspect Thresholds),"Students will be introduced to a range of issues relating to Physical Education teaching and coaching practice, including: the history and aims, pedagogical con...",0
module_edd68675c1ff9397,,Nursing Practice Module for Year 2 (Child),Department of Health Sciences,Dr Allison Wiseman,Narrow Domain (Below Interdisciplinary Aspect Thresholds),This module will build on and enable the child nursing student to further develop their underpinning knowledge and skills required for their role in assessing a...,0
module_efd79e8c5837d392,SP1616,SP1616 - Introduction to Human Anatomy and Physiology,Department of Life Sciences,Dr Aliah Shaheen,Narrow Domain (Below Interdisciplinary Aspect Thresholds),"This module will provide you with a foundational knowledge of human anatomy and physiology in relation to sport, health and exercise contexts, raise awareness o...",0
module_f19459a59f378887,PX3619,PX3619 - Violence and Conflict in Eastern Africa,"Department of Social Sciences, Media and Communications",Dr Hannah Whittaker,Narrow Domain (Below Interdisciplinary Aspect Thresholds),In this module students will explore the role of violence and conflict in the course of eastern Africa’s modern history. Students will gain an in depth understa...,0
module_f1f6e12e4ea5114b,,Chemical Engineering Design Project,Department of Mechanical and Aerospace Engineering,Dr Jun Xia,Narrow Domain (Below Interdisciplinary Aspect Thresholds),The aim of the design project is to allow students to take full responsibility for a major “individual” design exercise in Chemical or Biochemical Engineering w...,0
module_f214834cc770c1d6,CE5602,CE5602 - Structural Dynamics and Seismic Design,Department of Civil and Environmental Engineering,Dr Esmaeel Esmaeeli,Narrow Domain (Below Interdisciplinary Aspect Thresholds),"To enhance the student’s perception on the dynamic behaviour of deformable bodies, to further develop the student’s knowledge on structural mechanics by focusin...",0
module_f22ff8f5698b4eb1,GY2601,GY2601 - Geographical Research Methods and GIS,Department of Social and Political Sciences,Professor Monica Degen,Narrow Domain (Below Interdisciplinary Aspect Thresholds),This module will expand students’ understanding of research methods used in both physical and human geography. It is intended to prepare students to plan and un...,0
module_f2e701048755ad0d,,Skills for Registration (Child),Department of Health Sciences,Dr Carolyn Dunford,Narrow Domain (Below Interdisciplinary Aspect Thresholds),This module aims to equip third year child field students with the underpinning knowledge and skills required for their role in providing and evaluating person-...,0
module_f316944e8c5e654c,EE2654,EE2654 - Electronic Systems,Department of Electronic and Computer Engineering,Professor John Cosmas,Narrow Domain (Below Interdisciplinary Aspect Thresholds),This module aims to provide an appreciation and understanding of the theory and operation of electronic circuit design with consideration to single and multi-de...,0
module_f3d8f55ab903b5d9,SA5638,SA5638 - Global Development: Critical Perspectives,"Department of Social Sciences, Media and Communications",Professor Nicola Ansell,Narrow Domain (Below Interdisciplinary Aspect Thresholds),"To acquire a theoretical and historical overview of the changing relationship between the critical social sciences and global development, to understand the mul...",0
module_f40bfcfe43695185,SP1611,SP1611 - Academic and Personal Development,Department of Life Sciences,Dr Sofia Barbosa Boucas,Narrow Domain (Below Interdisciplinary Aspect Thresholds),This module supports students’ effective transition from prior learning and work-based contexts into the higher education environment and the Brunel learning co...,0
module_f506b11fecf2bfd4,ED1710,ED1710 - Issues and Perspectives in Education,Department of Education,Dr Lewis Fogarty,Narrow Domain (Below Interdisciplinary Aspect Thresholds),"This study block aims to enable students to recognise varied roles, responsibilities and organisational cultures of the professionals who work with children, yo...",0
module_f5e0d91096b55986,,Solid Mechanics and Intro to FEA,Department of Mechanical and Aerospace Engineering,Dr Rui Ramos Cardoso,Narrow Domain (Below Interdisciplinary Aspect Thresholds),This module helps to establish a solid foundation for the analysis of solids and structures based on the fundamental principles of continuum mechanics. Students...,0
module_f6019d6380479b5c,OT5616,OT5616 - Effective Practice Education for Health and Care Professionals,Department of Health Sciences,Dr Allison Wiseman,Narrow Domain (Below Interdisciplinary Aspect Thresholds),"This module aims to enhance the confidence, capability, and educational expertise of professionals involved in the development of current and future health and ...",0
module_f61e9350a1a56216,CO3XXC,CO3xxC - Political Satire and Comedy,"Department of Social Sciences, Media and Communications",Dr Simon Weaver,Narrow Domain (Below Interdisciplinary Aspect Thresholds),"This module provides students with a sophisticated and critical knowledge and understanding of the relationships between politics, satire and comedy. These rela...",0
module_f6bd4d149ae4b9f2,SW5629,"SW5629 Social Justice - Theory, Policy and Practice",Department of Health Sciences,Dr Cristina Asenjo Palma,Narrow Domain (Below Interdisciplinary Aspect Thresholds),"This study blocks aims to apply sociological concepts towards a critical understanding of society and contemporary social problems. Understanding the origins, c...",0
module_f70ecd8fa4d3ac1d,FM2639,FM2639 - Advanced Filmmaking,Department of Arts and Humanities,Dr Paul Moody,Narrow Domain (Below Interdisciplinary Aspect Thresholds),This module allows you to develop your film practice and production skills further. You will continue developing skills learnt in level 4 in relation to filmmak...,0
module_f74479644438a9f4,SKILLSFORREGISTRATION(CHILD),Skills for Registration (Child),Department of Health Sciences,Dr Carolyn Dunford,Narrow Domain (Below Interdisciplinary Aspect Thresholds),This module will prepare students to demonstrate the ability to provide nursing intervention and support for children and young people who require nursing proce...,0
module_f7bc77b4ddee8d74,DR2629,DR2629 - Music Theatre,Department of Arts and Humanities,Dr Emily Baines,Narrow Domain (Below Interdisciplinary Aspect Thresholds),Create and perform exciting music theatre work. This module introduces you to the compelling ways in which music contributes to theatre and performance. You wil...,0
module_f7dcd6ad95dbce4f,PROFESSIONALISMANDTHEDEVELOPINGOCCUPATIONALTHERAPIST4:PREPARINGFORCAREERDEVELOPMENTANDPROFESSIONALPRACTICE,OT3607 - Professionalism and the Developing Occupational Therapist 4: Preparing for career development and professional practice,Department of Health Sciences,Ms Tai Frater,Narrow Domain (Below Interdisciplinary Aspect Thresholds),This module aims to enable learners to consider key dimensions in their transition from pre-registration learner to registrant occupational therapist. The modul...,0
module_f8367e524448bc10,ES5633,ES5633 - Natural Resources and Solid Waste Management,Department of Chemical Engineering,Dr Kok Siew Ng,Saturated / Fully Covered by Primary Lead,"This module explores the principles and practices of sustainable natural resource and solid waste management, addressing the complex interactions between enviro...",1
module_f8810281aa7adbc8,EN2605,EN2612 - Genre Fiction,Department of Arts and Humanities,Professor Jago Morrison,Narrow Domain (Below Interdisciplinary Aspect Thresholds),This module will investigate the concept of genre fiction in twentieth and twenty-first century literature and explore how genre shapes the production and recep...,0
module_f895e5c2ac22cad8,ED5705,ED5705 - Issues and Perspectives in Education,Department of Education,Dr Saima Salehjee,Narrow Domain (Below Interdisciplinary Aspect Thresholds),"The aims of this study block are to know and understand a range of issues and debates in the contemporary field of education, to understand the policy context o...",0
module_f8fabc8ef50536d3,CY3608,CY3608 - Capitalism and Sex,Department of Social and Political Sciences,Dr Sara De Benedictis,Narrow Domain (Below Interdisciplinary Aspect Thresholds),This module will examine the relationship between capitalism and sex through a number of theoretical lenses which explore how sex intersects with the generation...,0
module_f9484b6337d4e7f4,GY3610,GY3610 - Modern Slavery and Human Trafficking,"Department of Social Sciences, Media and Communications",Dr Ayushman Bhagat,Narrow Domain (Below Interdisciplinary Aspect Thresholds),This module provides a ‘meta-critique’ of both the dominant and critical claims related to modern slavery and human trafficking. The module aims to introduce st...,0
module_f96c132b70a1a3f7,ED1712,ED1712 - Education and Society,Department of Education,Dr Saima Salehjee,Narrow Domain (Below Interdisciplinary Aspect Thresholds),This study block aims to enable students to develop an understanding of the structure and provision of education in the UK and key historical development to the...,0
module_faa43660fd96c052,SA3634,SA3634 - Contemporary Worlds,"Department of Social Sciences, Media and Communications",Dr Isak Niehaus,Narrow Domain (Below Interdisciplinary Aspect Thresholds),To explore approaches to contemporary issues in anthropology and cognate disciplines.,0
module_faa816ce7a7dc6d2,CY2611,"CY2611 - Victims: Crime, Social Harm and Justice",Department of Social and Political Sciences,Dr Anamika Twyman-Ghoshal,Narrow Domain (Below Interdisciplinary Aspect Thresholds),The module will introduce students to criminal justice policies and practices that relate to victims and enable them to think critically about who we consider t...,0
module_fb5101d716d941cb,JR2616,JR2616 - Crime and Court Reporting,"Department of Social Sciences, Media and Communications",Dr Anamika Twyman-Ghoshal,Narrow Domain (Below Interdisciplinary Aspect Thresholds),"This module will develop proficiencies and competence from reporting in different courts, both Magistrates and Crown Court. It will develop an insightful workin...",0
module_fbc5ad44ae0a9cfa,NURSINGPRACTICEMODULEFORPART3,Nursing Practice Module for Part 3,Department of Health Sciences,Dr Allison Wiseman,Narrow Domain (Below Interdisciplinary Aspect Thresholds),"The aim of this module is to provide opportunities for the nursing student to expand their knowledge and skills of nursing care, leadership, managing nursing ca...",0
module_fc86afc52e61ba85,TB,Principles inHeat and Mass Transfer,Department of Mechanical and Aerospace Engineering,Professor Tassos Karayiannis,Narrow Domain (Below Interdisciplinary Aspect Thresholds),"This module aims to present theory and practical concepts of single and two-phase heat transfer, to extend the analytical study of heat and mass transfer and ap...",0
module_fcc388cf9e5022ac,MA2619,MA2619 - Applied Statistics,Department of Mathematics,Professor Keming Yu,Narrow Domain (Below Interdisciplinary Aspect Thresholds),Aims to introduce and consolidate the notions of single and multivariable probability. Introduce statistical tools and explain their use in extracting and/or in...,0
module_fd16ee1075c39556,SA5637,"SA5637 - Kinship, Sex and Gender","Department of Social Sciences, Media and Communications",Dr Isak Niehaus,Narrow Domain (Below Interdisciplinary Aspect Thresholds),"This course introduces students to some of the key social anthropological literature on kinship, gender and sexuality. These include general themes such as univ...",0
module_ff3debf06f234375,,EN2613 - Literatures of Inequality: Global Fictions,Department of Arts and Humanities,Dr Kate Houlden,Narrow Domain (Below Interdisciplinary Aspect Thresholds),"Contemporary globalisation has brought us cheap food, cheap clothing, and cheap goods, including the smartphone, tablet, or laptop you are probably reading this...",0
